id,rooms,area,rent,latitude,longitude
5248131,1,38,5216,55.652406,12.512200
5275700,1,37,7900,55.671065,12.501394
5211187,1,40,6300,55.649554,12.551497
5263181,3,73,11000,55.663465,12.542260
5249720,3,73,11000,55.663465,12.542260
5142344,3,95,11000,55.695855,12.572995
5260949,3,66,13000,55.681337,12.583357
5121283,3,80,12823,55.657161,12.500471
5252892,2,44,10000,55.709851,12.599177
5249769,3,69,5000,55.635296,12.642434
5244152,3,104,13030,55.683900,12.615180
5249737,2,58,8500,55.649305,12.528735
5262516,1,25,3500,55.655457,12.609949
5262432,1,31,7050,55.703613,12.553748
5265262,1,15,6000,55.684023,12.573700
5181554,4,95,14000,55.697442,12.538697
5184679,3,69,9074,55.721015,12.472446
5263643,4,111,15815,55.646950,12.543446
5242879,5,135,19200,55.652763,12.543399
5042716,1,35,7539,55.713941,12.559926
5275711,1,30,7500,55.688463,12.494303
5247994,1,37,6900,55.703754,12.537448
5036698,1,37,5122,55.667178,12.620381
5262429,2,50,8400,55.649554,12.551497
5275739,1,31,6000,55.711297,12.480605
5275894,2,279,40000,55.737706,12.581538
5249740,1,84,4451,55.700997,12.551421
5275713,1,30,7500,55.688463,12.494303
5275327,3,74,13130,55.659972,12.513117
5275735,1,29,7400,55.688463,12.494303
5049672,1,41,6386,55.652406,12.512200
5275437,3,97,15611,55.646029,12.552433
5246766,3,89,13936,55.664493,12.591439
5275914,5,160,23000,55.676226,12.541370
5188889,1,8,4100,55.695462,12.524558
5020108,4,134,17750,55.686692,12.511245
5085150,1,27,5590,55.741074,12.485863
5275266,2,64,12500,55.733989,12.575129
5247638,1,43,6500,55.649554,12.551497
5273992,2,59,10900,55.726775,12.477716
5275711,1,30,7500,55.688463,12.494303
5266731,2,31,7500,55.686710,12.503927
5275735,1,29,7400,55.688463,12.494303
5061339,2,54,12700,55.664897,12.536063
5249734,3,122,12500,55.684919,12.614788
4933804,3,83,12267,55.621063,12.573203
5270980,2,69,11630,55.660841,12.503090
5024243,4,107,14500,55.635753,12.580312
5112271,3,91,12297,55.617810,12.572924
5270474,3,90,16000,55.677717,12.578245
5062039,2,86,12000,55.700269,12.545727
5249766,2,55,9900,55.711877,12.560336
5181575,4,105,14859,55.657196,12.500426
5262326,2,52,10140,55.646395,12.637199
5275340,1,34,6200,55.720895,12.556455
5271364,1,32,6250,55.727220,12.479290
5266222,4,130,16500,55.707105,12.445281
5249741,1,8,5000,55.672638,12.552493
3728881,2,62,12500,55.712030,12.571428
4572076,2,52,7354,55.695959,12.500281
5143983,3,102,14035,55.698748,12.535320
5252433,2,73,11630,55.656761,12.503792
5266718,2,56,10000,55.655898,12.503485
5244746,2,56,11900,55.709572,12.566432
5268101,1,54,10000,55.689953,12.562738
5187916,2,81,12870,55.661812,12.569668
5275418,2,83,15700,55.700668,12.535284
5250949,4,104,14935,55.662742,12.596234
5274332,2,104,19000,55.699196,12.593657
5267433,4,105,17425,55.706699,12.530820
5127687,4,96,13000,55.626185,12.576225
5270946,4,105,14450,55.618121,12.567602
5211868,1,32,6150,55.727220,12.479290
5149579,1,32,7450,55.667515,12.621765
5262444,1,41,6200,55.707601,12.531026
5266718,2,56,10000,55.655898,12.503485
5217949,3,94,14850,55.659896,12.570050
5246108,1,35,6650,55.695462,12.524558
5194789,3,52,12400,55.664505,12.591295
5262431,1,31,7050,55.703613,12.553748
5274217,1,38,8600,55.712077,12.575295
5274105,3,80,13600,55.609727,12.583102
5238047,2,54,12500,55.706647,12.593854
5275267,3,85,16100,55.691000,12.531834
5121279,3,79,12905,55.656761,12.503792
5274117,3,77,13300,55.619150,12.570791
5216831,3,92,13850,55.646950,12.543446
5121282,4,101,14747,55.656909,12.501427
5242922,2,96,14539,55.684060,12.515149
4966924,4,118,15300,55.676983,12.436204
5238607,1,50,8995,55.732809,12.565759
4974061,3,73,9200,55.723913,12.507285
5262325,2,46,9568,55.646606,12.636577
5249778,1,16,3600,55.673427,12.596042
5007343,1,14,5150,55.695252,12.523573
5112375,2,61,11721,55.621840,12.572173
4979629,2,65,10950,55.617418,12.566349
5273961,2,52,11200,55.667881,12.516962
4954929,1,13,4920,55.696180,12.524019
5252436,2,75,13170,55.661812,12.569668
5272097,2,65,12200,55.636558,12.580429
5115245,5,123,16705,55.621711,12.572956
5112364,5,118,17907,55.621337,12.573197
5217948,5,130,15650,55.635082,12.581158
5275336,2,73,13000,55.705286,12.543816
4889880,3,100,15990,55.709981,12.576761
5249183,1,54,10000,55.689891,12.562905
5194819,2,58,11950,55.704081,12.588843
5249752,1,14,3900,55.692890,12.547805
5179335,3,115,17791,55.735213,12.573734
5153026,1,38,8607,55.713941,12.559926
5227236,5,309,65000,55.680716,12.602132
5249744,1,50,9500,55.671126,12.517145
5252859,6,387,57000,55.693109,12.585929
4900882,1,14,5150,55.696180,12.524019
5088657,1,32,7334,55.705502,12.527119
4987836,1,42,6189,55.667178,12.620381
5273981,2,33,10400,55.681072,12.521405
5189680,2,62,12342,55.658226,12.560504
5274038,4,102,15100,55.617802,12.569192
5268156,2,51,10300,55.671519,12.522101
5275417,2,64,12100,55.700668,12.535284
5003287,2,68,11000,55.655187,12.548544
5212657,3,70,12200,55.635957,12.577198
5145339,3,90,15900,55.689876,12.564372
5242975,4,222,38200,55.680634,12.588782
5258513,1,15,3900,55.715922,12.535498
5249718,1,15,4200,55.640874,12.589630
5254796,1,16,5500,55.740413,12.473151
5197159,2,65,12500,55.722440,12.557737
5273993,2,51,10200,55.710460,12.484442
5242841,2,71,11950,55.682748,12.455784
5144890,4,108,18000,55.678251,12.573650
5274105,3,80,13600,55.609727,12.583102
5088657,1,32,7334,55.705502,12.527119
5011142,1,35,7450,55.667515,12.621765
5179167,4,107,14875,55.653859,12.503733
5274332,2,104,19000,55.699196,12.593657
5263632,2,61,11500,55.634942,12.579119
5206496,1,55,8800,55.649554,12.551497
5185287,4,100,13800,55.626185,12.576225
5248806,4,164,21520,55.699561,12.577984
5080325,5,131,18400,55.644377,12.548894
5241118,5,152,27500,55.688113,12.515788
5215431,6,291,68000,55.725369,12.572961
5254791,3,87,13760,55.706205,12.534940
5113676,1,8,4500,55.692314,12.544210
5247695,4,95,16016,55.664493,12.591439
5274015,2,48,10200,55.710460,12.484442
5054949,1,35,8618,55.679425,12.551437
5248133,1,43,6629,55.652406,12.512200
4921301,1,20,6000,55.695502,12.545330
5263632,2,61,11500,55.634942,12.579119
5248781,3,78,16750,55.665578,12.533916
5200807,1,12,5500,55.701622,12.575685
5266835,3,76,15400,55.707014,12.573501
5064407,3,108,14883,55.678166,12.493615
5266715,2,81,14085,55.687040,12.548191
5248168,4,122,23000,55.636811,12.606093
5270946,4,105,14450,55.618121,12.567602
5185286,5,110,19995,55.698770,12.535178
5261950,4,122,21000,55.687566,12.562154
5249722,1,20,3000,55.717262,12.485402
5213502,2,58,11100,55.634968,12.580811
5200807,1,12,5500,55.701622,12.575685
4944336,7,291,25500,55.672031,12.576112
5249747,1,12,3900,55.706031,12.552815
5246107,1,35,6650,55.695462,12.524558
5086675,2,56,10475,55.636709,12.582897
5239422,2,59,11700,55.638214,12.580920
5217944,3,92,14700,55.654295,12.568211
5270233,1,33,7950,55.679639,12.548044
5166742,3,105,15000,55.658780,12.562653
5270981,2,67,11630,55.660841,12.503090
5242841,2,71,11950,55.682748,12.455784
5211309,3,83,14248,55.664493,12.591439
5158075,3,95,17950,55.658832,12.633643
4883005,3,111,17000,55.683567,12.581772
4856797,6,231,31762,55.684228,12.572508
5252438,3,81,13225,55.656761,12.503792
5262324,1,31,10500,55.686301,12.589569
5241114,4,131,18500,55.733686,12.564141
5263645,4,166,27283,55.732739,12.561723
4960416,1,24,5999,55.668800,12.499741
5022489,1,15,7000,55.688385,12.508888
5105724,5,127,16650,55.705827,12.433875
5179192,5,134,18000,55.619128,12.568626
5216766,1,37,5633,55.707792,12.485342
5272097,2,65,12200,55.636558,12.580429
5274099,2,67,13800,55.667523,12.627036
5266725,1,48,8000,55.655898,12.503485
5247677,2,53,11311,55.636709,12.582897
5074404,3,86,12807,55.626185,12.576225
5247646,3,91,12395,55.651821,12.554816
5121297,2,86,15999,55.677830,12.573206
5184522,3,99,15700,55.665227,12.624279
5251674,3,91,11317,55.678938,12.450205
5247645,3,79,12700,55.652367,12.556530
5273992,2,59,10900,55.726775,12.477716
5079087,4,136,17500,55.651292,12.542151
5273996,2,52,10100,55.710460,12.484442
4739392,2,56,11500,55.665367,12.598933
5262457,3,98,15400,55.663616,12.624077
5273104,2,53,11900,55.665530,12.627330
5274099,2,67,13800,55.667523,12.627036
5274217,1,38,8600,55.712077,12.575295
5266725,1,48,8000,55.655898,12.503485
5242877,4,110,15900,55.653056,12.543546
5263183,1,50,8350,55.678873,12.530872
5274038,4,102,15100,55.617802,12.569192
5239432,2,60,11700,55.634942,12.579119
5149924,3,102,14995,55.665165,12.510616
5179192,5,134,18000,55.619128,12.568626
4900278,3,65,12799,55.663095,12.593584
5023175,3,121,15106,55.684120,12.615212
5263958,2,116,16000,55.707202,12.526368
5193032,1,37,8584,55.679425,12.551437
4974060,3,73,9200,55.723913,12.507285
4856694,3,90,13466,55.726121,12.478513
5249777,1,21,5000,55.665835,12.509698
5273104,2,53,11900,55.665530,12.627330
5273091,2,60,11900,55.637755,12.580868
5130194,3,82,12400,55.640331,12.582975
5271983,2,53,12100,55.622082,12.573736
5248129,3,81,13012,55.660841,12.503090
5270948,2,66,11100,55.640331,12.582975
4956329,2,74,14500,55.680218,12.590206
5085935,4,126,20300,55.698585,12.585769
5249262,2,88,12480,55.667390,12.620210
5181932,3,84,13900,55.703795,12.503554
5092270,4,102,14000,55.707173,12.491523
4856705,4,105,17495,55.678128,12.573445
5247694,3,89,13865,55.663095,12.593584
5194025,7,214,33438,55.687590,12.595955
5262866,2,71,14995,55.693037,12.551990
5112302,4,119,20000,55.732739,12.561723
5249727,1,7,3500,55.692890,12.547805
5249777,1,21,5000,55.665835,12.509698
5249704,1,56,11900,55.686667,12.528529
5273121,2,32,10750,55.681189,12.518624
5262426,1,45,7400,55.649554,12.551497
5017590,1,28,8300,55.663553,12.591000
5274027,3,89,15500,55.666197,12.621256
5274032,3,94,15400,55.666493,12.624566
4857750,4,151,29500,55.685175,12.565269
5248022,1,49,8400,55.703754,12.537448
5262428,1,34,6300,55.649554,12.551497
5054948,1,43,7640,55.701219,12.535712
5224886,2,110,19800,55.679212,12.569246
5107678,4,114,15900,55.645625,12.548263
5253495,5,130,17900,55.654547,12.612201
5262441,3,80,13000,55.657994,12.511751
5266714,1,39,5937,55.707792,12.485342
5245187,1,180,19800,55.680659,12.571175
4956083,2,63,11050,55.617418,12.566349
5258841,3,69,12800,55.620270,12.573462
5185814,1,35,7904,55.679425,12.551437
5271983,2,53,12100,55.622082,12.573736
5185816,1,43,7939,55.701219,12.535712
5205808,1,41,9000,55.705378,12.543452
5249770,1,45,9500,55.671264,12.514637
5242875,4,110,16300,55.653056,12.543546
5179340,3,65,13118,55.663095,12.593584
5239432,2,60,11700,55.634942,12.579119
5117845,2,115,18820,55.661812,12.569668
5190072,2,79,13800,55.648375,12.553065
5241712,5,152,16052,55.606586,12.593683
5101208,3,134,19000,55.691701,12.524678
5270983,3,79,13332,55.656761,12.503792
5143981,4,86,15995,55.698748,12.535320
5150806,4,130,14500,55.738439,12.507797
5266787,3,86,12800,55.626185,12.576225
4992910,1,14,7000,55.637100,12.575012
5273121,2,32,10750,55.681189,12.518624
4956190,5,195,24200,55.620428,12.572797
5273091,2,60,11900,55.637755,12.580868
5136252,3,85,16950,55.671032,12.585607
3728880,2,70,13000,55.706672,12.595776
5263106,1,64,14500,55.668598,12.547070
5208360,1,36,9500,55.663553,12.591000
5273982,2,43,10300,55.651307,12.511187
5126148,2,43,9800,55.665096,12.456153
5179340,3,65,13118,55.663095,12.593584
5262459,3,99,17900,55.703844,12.594553
5086692,3,91,12750,55.676421,12.436609
5239919,3,108,14300,55.638175,12.581597
5246611,4,121,21340,55.688969,12.559045
5247625,3,94,13900,55.706052,12.537600
5242795,4,102,13950,55.727318,12.474743
5242796,4,97,13500,55.727318,12.474743
5245187,1,180,19800,55.680659,12.571175
5246675,3,87,11500,55.724530,12.474464
5126124,1,28,7488,55.645948,12.636120
5266712,3,114,15520,55.686241,12.488985
5208330,1,48,10000,55.616671,12.565964
5184525,1,35,6650,55.696180,12.524019
5252876,3,71,11950,55.711095,12.479290
5249723,1,38,10000,55.649105,12.611941
5272667,2,61,13800,55.667523,12.627036
5082596,3,107,19500,55.676761,12.531524
5254001,2,66,12900,55.701024,12.580537
5272781,2,29,10900,55.681189,12.518624
5262459,3,99,17900,55.703844,12.594553
5127791,5,161,21627,55.675097,12.548271
4856955,4,117,16946,55.652386,12.511991
5163219,3,124,18750,55.686736,12.584134
5092337,2,89,12815,55.725437,12.478625
4992890,3,81,17000,55.689958,12.554588
5265261,1,12,4500,55.692890,12.547805
5184525,1,35,6650,55.696180,12.524019
5181545,1,23,7000,55.686710,12.503927
5188873,1,35,8000,55.688441,12.491476
5272685,3,74,13400,55.639789,12.582016
5272824,1,26,7900,55.681189,12.518624
5247356,1,40,8095,55.695357,12.534754
5272060,3,81,13400,55.617802,12.569192
4813572,3,122,15800,55.664442,12.601083
5258838,2,71,11525,55.677018,12.435548
4873697,3,143,18500,55.672672,12.558478
5143984,3,89,13600,55.655513,12.547887
5239390,3,91,14000,55.637843,12.580475
5242873,5,147,21500,55.648393,12.553017
5242878,3,78,14200,55.651319,12.555321
5258842,4,101,15750,55.649703,12.550492
5273099,2,38,11800,55.681189,12.518624
5249728,1,17,5500,55.715727,12.471890
5263586,1,30,6250,55.727285,12.479933
5268071,4,130,28000,55.668452,12.534562
5273094,1,38,11900,55.681189,12.518624
5241113,3,93,15500,55.685697,12.615687
5054100,4,109,14040,55.676413,12.437081
5247693,2,64,12626,55.649051,12.535273
5194787,3,87,14600,55.646565,12.552006
5262447,1,41,6200,55.707601,12.531026
5243759,3,141,20900,55.669039,12.580680
5011140,4,101,14400,55.635435,12.577151
4856612,2,80,12826,55.656387,12.509244
5239424,2,59,11700,55.638214,12.580920
5239919,3,108,14300,55.638175,12.581597
5232153,4,111,16200,55.653134,12.548116
5249723,1,38,10000,55.649105,12.611941
5078239,3,106,18700,55.658832,12.633643
5083785,1,32,7334,55.705502,12.527119
5248809,4,111,14617,55.676169,12.436299
4880219,1,14,5150,55.696180,12.524019
5237942,2,53,10200,55.665229,12.456205
5266717,2,63,11800,55.652309,12.556465
5273101,2,62,11700,55.622082,12.573736
5220336,3,95,14600,55.637796,12.581832
5243014,3,66,12950,55.618372,12.573111
5234625,2,108,17000,55.672118,12.592080
5242878,3,78,14200,55.651319,12.555321
5266716,3,105,15995,55.660133,12.560764
5163222,4,95,17000,55.697442,12.538697
5258836,3,87,13700,55.649703,12.550492
5242873,5,147,21500,55.648393,12.553017
5242937,4,115,16770,55.652386,12.511991
5271988,3,74,12000,55.710460,12.484442
5242850,2,83,12600,55.682748,12.455784
5212120,4,125,15800,55.625388,12.571490
5188888,1,35,6650,55.695252,12.523573
5074399,4,101,13752,55.626185,12.576225
5248001,1,37,6900,55.703754,12.537448
5273094,1,38,11900,55.681189,12.518624
5273986,1,41,10200,55.688463,12.494303
5273925,1,29,7300,55.688463,12.494303
5273099,2,38,11800,55.681189,12.518624
5266726,1,45,8000,55.655898,12.503485
5083785,1,32,7334,55.705502,12.527119
5258838,2,71,11525,55.677018,12.435548
5273943,2,32,11050,55.681189,12.518624
4559159,2,68,12000,55.681249,12.578823
5194787,3,87,14600,55.646565,12.552006
5242803,3,86,13200,55.634696,12.579943
5112376,3,90,13240,55.621584,12.573410
5270952,2,108,18500,55.673172,12.590052
5247696,2,63,12782,55.649051,12.535273
5158077,4,122,20500,55.703983,12.596326
5249763,1,8,4500,55.718899,12.492832
5239216,3,60,11700,55.727596,12.479145
5188888,1,35,6650,55.695252,12.523573
5112511,4,90,14200,55.635957,12.577198
5077231,2,70,10900,55.683682,12.458612
5239388,2,66,13200,55.637664,12.580775
5242865,4,106,14900,55.682748,12.455784
5266704,4,117,15200,55.640331,12.582975
5246692,1,64,11500,55.689953,12.562738
5227993,4,108,16500,55.619409,12.567984
5179172,3,90,13950,55.653859,12.503733
5242851,4,103,14850,55.682748,12.455784
5247624,4,102,16600,55.659681,12.512877
5183552,3,119,17900,55.677985,12.574255
5244166,6,218,34000,55.657802,12.522026
5118156,4,110,17250,55.651410,12.541841
4856927,3,107,17495,55.678128,12.573445
5211186,1,51,8575,55.649554,12.551497
5171425,4,111,17200,55.653134,12.548116
5194070,1,29,6150,55.727285,12.479933
5179338,5,192,31090,55.734451,12.573912
5272824,1,26,7900,55.681189,12.518624
5195416,4,112,14800,55.638359,12.583660
5243685,3,152,25000,55.699216,12.593541
4933797,5,126,16379,55.621352,12.572437
5248586,1,37,6900,55.703754,12.537448
5269024,1,28,7900,55.663553,12.591000
5248002,1,49,8000,55.703754,12.537448
5242860,2,74,12400,55.682748,12.455784
5242840,2,76,12350,55.682748,12.455784
5242871,3,87,13100,55.682748,12.455784
5081664,2,67,11050,55.671176,12.472884
4515306,2,69,16500,55.665198,12.533776
5208329,3,87,13300,55.616671,12.565964
5077618,6,276,38000,55.686463,12.591826
5113429,4,123,19000,55.679003,12.573068
5015732,1,43,10000,55.616959,12.566361
4856746,2,79,13300,55.732739,12.561723
5162548,4,114,16249,55.656909,12.501427
5266726,1,45,8000,55.655898,12.503485
5262418,3,155,20000,55.607516,12.581085
4984281,1,47,8003,55.695462,12.524558
5242790,2,63,13400,55.620270,12.573462
5073502,3,94,17800,55.670568,12.585183
5185285,4,96,14000,55.626185,12.576225
5242851,4,103,14850,55.682748,12.455784
5195416,4,112,14800,55.638359,12.583660
5242869,3,101,13700,55.682748,12.455784
5189042,3,148,22000,55.707048,12.576113
4991153,4,173,28800,55.667563,12.531727
5242867,4,106,14800,55.682748,12.455784
5261951,4,200,39000,55.673645,12.545902
4900082,5,152,22000,55.684119,12.585351
5242872,3,97,13500,55.682748,12.455784
5202617,4,97,13300,55.727318,12.474743
5184615,1,32,6350,55.727220,12.479290
5179307,2,194,32000,55.726972,12.577694
5073502,3,94,17800,55.670568,12.585183
5268051,4,105,14950,55.618673,12.567705
5242803,3,86,13200,55.634696,12.579943
5239390,3,91,14000,55.637843,12.580475
5248586,1,37,6900,55.703754,12.537448
5258836,3,87,13700,55.649703,12.550492
5258834,1,55,8800,55.649554,12.551497
5027891,3,83,12600,55.676983,12.436204
5211185,3,88,13900,55.649703,12.550492
5184504,4,133,22167,55.707098,12.594016
5258833,5,128,18100,55.649703,12.550492
5171425,4,111,17200,55.653134,12.548116
5268052,4,105,14950,55.618673,12.567705
5112334,3,89,13800,55.655540,12.548269
5262418,3,155,20000,55.607516,12.581085
5239216,3,60,11700,55.727596,12.479145
5195418,3,88,13600,55.652309,12.556465
5143986,2,71,11000,55.712147,12.472082
5209615,1,32,7334,55.705502,12.527119
5105803,5,123,16705,55.621711,12.572956
5262439,3,84,14000,55.660112,12.512251
5118157,2,62,15250,55.665578,12.533849
5121299,4,97,16120,55.664493,12.591439
5212658,3,85,12550,55.636125,12.581212
5217936,4,100,14100,55.711801,12.480088
5242847,3,109,14400,55.682748,12.455784
5218737,4,222,39600,55.680634,12.588782
5242868,3,87,13100,55.682748,12.455784
5239917,2,57,11700,55.638307,12.581241
5243685,3,152,25000,55.699216,12.593541
5252431,4,102,17195,55.698748,12.535320
5242858,2,74,12300,55.682748,12.455784
5235762,4,122,16775,55.652386,12.511991
5143986,2,71,11000,55.712147,12.472082
4985341,6,130,18800,55.657653,12.488401
5212077,3,104,13350,55.739646,12.487692
5181918,3,75,12700,55.727596,12.479145
5262425,4,102,13700,55.727318,12.474743
5242791,3,66,12950,55.620270,12.573462
5238514,3,70,13450,55.664906,12.611227
5239922,3,100,15000,55.638175,12.581597
5239930,3,108,14600,55.638175,12.581597
5121290,3,103,14717,55.662119,12.596402
5242861,2,74,12500,55.682748,12.455784
5073496,3,120,20560,55.684585,12.551257
5190071,2,74,12950,55.646106,12.547326
5184704,3,103,20900,55.668146,12.556642
5189646,5,120,18910,55.657128,12.509917
5227993,4,108,16500,55.619409,12.567984
5261850,4,111,14250,55.634100,12.580702
5239927,3,77,12900,55.638001,12.581605
5239336,2,57,11700,55.638315,12.581096
5212077,3,104,13350,55.739646,12.487692
5143240,5,109,16200,55.658039,12.512355
5189050,3,149,36000,55.726972,12.577694
5272819,1,44,9000,55.667881,12.516962
5242871,3,87,13100,55.682748,12.455784
5237946,2,66,11800,55.665348,12.457358
5243716,2,84,12600,55.683006,12.456226
5239347,3,77,13200,55.638001,12.581605
5022937,4,96,16500,55.619409,12.567984
5044231,2,76,11700,55.688955,12.449246
5112331,3,102,18380,55.688602,12.559418
5242866,4,112,15000,55.682748,12.455784
5123369,3,77,18500,55.671396,12.589815
5266704,4,117,15200,55.640331,12.582975
5112327,3,161,21000,55.672672,12.558478
4740047,5,191,25000,55.676207,12.575812
5239377,2,71,12400,55.637749,12.581051
5243015,3,66,13750,55.618372,12.573111
5121287,4,99,15786,55.660841,12.503090
5246678,1,42,9100,55.705378,12.543452
5003213,1,47,8018,55.695462,12.524558
5239356,2,52,12000,55.637921,12.581371
5239425,2,69,12700,55.638325,12.580990
5242790,2,63,13400,55.620270,12.573462
5242833,3,90,13500,55.682748,12.455784
5239370,2,64,11900,55.637841,12.581140
5239434,2,60,11800,55.634942,12.579119
5239401,2,61,11800,55.637897,12.580714
5242793,4,101,15100,55.677018,12.435548
5242792,4,101,14975,55.677018,12.435548
5242822,3,97,14500,55.619409,12.567984
5258833,5,128,18100,55.649703,12.550492
5252870,4,93,12900,55.711542,12.480989
5242849,2,83,12800,55.682748,12.455784
5243757,2,115,25400,55.678158,12.581217
5237518,4,104,18145,55.652730,12.545434
5239352,3,65,13500,55.637921,12.581371
5239406,2,67,12400,55.637843,12.580475
5065032,5,128,19733,55.678026,12.494112
5239414,2,64,11700,55.638117,12.580798
5238109,2,62,11200,55.676449,12.436417
5195418,3,88,13600,55.652309,12.556465
5211318,5,112,16100,55.616521,12.566203
5262440,3,85,14000,55.660255,12.512381
5239335,4,95,17000,55.634942,12.579119
5235747,2,107,18500,55.678756,12.590644
5237520,3,92,15245,55.652430,12.545442
5022937,4,96,16500,55.619409,12.567984
5252875,3,71,11950,55.711095,12.479290
5239376,2,60,11900,55.637755,12.580868
4856505,2,111,16409,55.684835,12.501109
5244091,2,130,18500,55.683833,12.587061
5242859,3,93,15200,55.682748,12.455784
5063196,2,83,12000,0.000000,0.000000
5239348,3,77,13300,55.638001,12.581605
5158632,4,165,35000,55.679257,12.589305
5015671,1,43,10000,55.616521,12.566203
5239400,2,67,11900,55.637843,12.580475
5175913,3,125,22000,55.672345,12.552277
5217936,4,100,14100,55.711801,12.480088
5111296,2,73,11775,55.619850,12.574296
5242858,2,74,12300,55.682748,12.455784
4956109,2,64,10450,55.617418,12.566349
5243717,2,76,12450,55.682748,12.455784
5242866,4,112,15000,55.682748,12.455784
5025930,4,120,16575,55.633930,12.597071
5211318,5,112,16100,55.616521,12.566203
5235762,4,122,16775,55.652386,12.511991
5239923,4,113,17000,55.638001,12.581605
5218737,4,222,39600,55.680634,12.588782
5251669,3,123,17500,55.658423,12.513910
5239403,2,61,11700,55.637897,12.580714
5246678,1,42,9100,55.705378,12.543452
5246717,6,155,20500,55.682748,12.455784
5079059,4,142,24850,55.684390,12.571234
5239393,3,95,14400,55.637664,12.580775
5239404,2,60,12200,55.637997,12.580752
5072939,3,108,18750,55.676448,12.569685
5240218,2,79,13400,55.638175,12.581597
2694681,2,69,12500,55.711711,12.563395
5239435,2,60,12200,55.634942,12.579119
5239363,2,59,11800,55.637921,12.581371
5112337,3,98,17300,55.679568,12.574248
5239917,2,57,11700,55.638307,12.581241
5176356,3,69,14000,55.663553,12.591000
5251681,1,93,14500,55.620262,12.571017
5240226,4,118,16700,55.638175,12.581597
5239378,2,52,11800,55.637921,12.581371
5238584,3,87,13100,55.682748,12.455784
4962750,5,114,15900,55.619459,12.572437
4968631,5,211,29935,55.735310,12.574357
5248612,1,38,6900,55.703754,12.537448
5242840,2,76,12350,55.682748,12.455784
5242843,3,97,13600,55.682748,12.455784
5015671,1,43,10000,55.616521,12.566203
5252895,2,68,11900,55.637897,12.580714
5238459,1,35,8250,55.688441,12.491476
5239341,4,140,17900,55.638175,12.581597
5211178,2,59,12100,55.640331,12.582975
5238584,3,87,13100,55.682748,12.455784
5079407,3,95,16950,55.651292,12.542151
5238106,2,65,11150,55.676449,12.436417
5177865,1,51,8250,55.649554,12.551497
5242838,3,90,13200,55.682748,12.455784
5239398,4,105,16700,55.637843,12.580475
5242842,3,97,13900,55.682748,12.455784
5190916,2,91,13484,55.649051,12.535273
5121217,3,110,17500,55.697898,12.493852
5258835,4,97,13300,55.727318,12.474743
5248614,1,37,6900,55.703754,12.537448
5252180,2,60,11950,55.635287,12.578356
5243013,2,63,13400,55.618372,12.573111
5157939,3,90,14200,55.653873,12.503641
5246717,6,155,20500,55.682748,12.455784
5189148,4,118,15495,55.676193,12.471977
5239930,3,108,14600,55.638175,12.581597
5185817,1,44,9454,55.679425,12.551437
5227237,3,134,23500,55.680604,12.534308
5015492,4,213,34613,55.682729,12.592367
5243766,2,67,12500,55.646033,12.547263
5239337,4,95,17100,55.634942,12.579119
5242837,3,90,13300,55.682748,12.455784
4999339,2,104,15000,55.679533,12.603100
5239922,3,100,15000,55.638175,12.581597
5259409,3,89,14950,55.632257,12.577481
5237946,2,66,11800,55.665348,12.457358
5126171,1,32,6350,55.727220,12.479290
5083778,4,194,26152,55.680223,12.578604
5240222,3,96,14100,55.638175,12.581597
5259409,3,89,14950,55.632257,12.577481
5072234,4,106,14861,55.617810,12.572924
5238106,2,65,11150,55.676449,12.436417
4977133,2,64,11250,55.617418,12.566349
5239354,3,65,13300,55.637841,12.581140
5079393,5,166,29050,55.684456,12.551164
5185817,1,44,9454,55.679425,12.551437
5258837,4,129,16100,55.677018,12.435548
5121277,4,97,15572,55.660841,12.503090
5177865,1,51,8250,55.649554,12.551497
5175121,4,104,14200,55.671176,12.472884
5189006,2,168,24000,55.665249,12.599428
5175003,3,119,18700,55.683877,12.504041
5262440,3,85,14000,55.660255,12.512381
5239396,3,91,14800,55.637843,12.580475
5239402,3,70,13700,55.637997,12.580752
5239419,2,64,12500,55.638117,12.580798
5194824,2,59,11250,55.636709,12.582897
5239391,3,91,14300,55.637843,12.580475
5088229,2,52,11400,55.637841,12.581140
5239380,3,78,13800,55.637749,12.581051
5239436,2,52,12000,55.637841,12.581140
5239411,3,74,13800,55.638117,12.580798
5058048,3,107,20800,55.671843,12.572796
5092265,4,93,13700,55.711542,12.480989
5239429,3,76,14700,55.638325,12.580990
5189148,4,118,15495,55.676193,12.471977
5157939,3,90,14200,55.653873,12.503641
5083778,4,194,26152,55.680223,12.578604
5239387,4,109,16300,55.637664,12.580775
5080310,4,132,24400,55.648474,12.552865
5121277,4,97,15572,55.660841,12.503090
5211178,2,59,12100,55.640331,12.582975
5194796,1,23,7150,55.686710,12.503927
4956184,1,50,10000,55.668393,12.612989
4977133,2,64,11250,55.617418,12.566349
5240231,3,96,14500,55.638175,12.581597
5239401,2,61,11800,55.637897,12.580714
5239336,2,57,11700,55.638315,12.581096
5242822,3,97,14500,55.619409,12.567984
5239356,2,52,12000,55.637921,12.581371
5242793,4,101,15100,55.677018,12.435548
5239370,2,64,11900,55.637841,12.581140
5239434,2,60,11800,55.634942,12.579119
5239425,2,69,12700,55.638325,12.580990
5242792,4,101,14975,55.677018,12.435548
5080310,4,132,24400,55.648474,12.552865
5167379,5,93,14535,55.705339,12.501393
5242833,3,90,13500,55.682748,12.455784
5239337,4,95,17100,55.634942,12.579119
5175894,1,31,6250,55.727285,12.479933
5239382,2,68,12200,55.637755,12.580868
5262443,1,23,7050,55.686710,12.503927
5265209,3,155,23500,55.675314,12.568886
5239373,4,85,15700,55.637841,12.581140
5239340,3,96,14200,55.638175,12.581597
5239374,3,65,13200,55.637841,12.581140
5194168,1,60,11700,55.668745,12.613605
5239368,3,65,13200,55.637921,12.581371
5239334,2,66,12400,55.638237,12.581356
5239372,2,52,11900,55.637921,12.581371
5239375,2,52,12200,55.637841,12.581140
5239405,3,70,14100,55.637997,12.580752
5239369,3,69,13200,55.637921,12.581371
5239379,3,78,13700,55.637749,12.581051
5239355,3,69,13400,55.637841,12.581140
5239364,2,52,11900,55.637841,12.581140
5239361,3,78,14000,55.637749,12.581051
5205910,4,118,18700,55.649294,12.553301
5239376,2,60,11900,55.637755,12.580868
5208359,1,30,8700,55.663553,12.591000
5239414,2,64,11700,55.638117,12.580798
5239406,2,67,12400,55.637843,12.580475
5239335,4,95,17000,55.634942,12.579119
4956184,1,50,10000,55.668393,12.612989
5252879,3,80,12100,55.711095,12.479290
5239348,3,77,13300,55.638001,12.581605
5239352,3,65,13500,55.637921,12.581371
5252182,2,56,11900,55.636125,12.581213
5239364,2,52,11900,55.637841,12.581140
5202618,3,108,14900,55.632422,12.576245
5217947,4,127,19400,55.653492,12.567663
5240224,4,140,18100,55.638175,12.581597
5243757,2,115,25400,55.678158,12.581217
5242935,3,89,13350,55.676419,12.436414
5240229,4,113,17400,55.638001,12.581605
5239358,3,69,13600,55.637841,12.581140
5003286,1,43,9192,55.679425,12.551437
4944338,8,288,27500,55.672313,12.575524
5246719,3,99,13600,55.682748,12.455784
5087553,2,62,10950,55.676449,12.436417
3379418,3,142,17875,55.688955,12.449246
5079401,3,95,17400,55.704161,12.596770
5258687,1,32,7500,55.665096,12.456153
5127689,3,93,12900,55.626185,12.576225
5242867,4,106,14800,55.682748,12.455784
5113960,3,76,11800,55.682203,12.454611
5242869,3,101,13700,55.682748,12.455784
5023174,4,103,13737,55.676421,12.436609
5088229,2,52,11400,55.637841,12.581140
5092265,4,93,13700,55.711542,12.480989
5242872,3,97,13500,55.682748,12.455784
5239349,3,69,13300,55.637841,12.581140
5243718,2,84,12400,55.683006,12.456226
5246699,3,97,13700,55.683006,12.456226
5261849,2,95,16000,55.721972,12.579869
5112326,1,39,8510,55.679425,12.551437
5239920,2,57,11800,55.638315,12.581096
5246729,4,112,14900,55.682748,12.455784
5180436,2,158,25000,55.679785,12.603425
5273092,3,79,11900,55.711542,12.480989
5176242,1,38,9300,55.660626,12.613696
5189612,3,70,13250,55.619128,12.568626
5240218,2,79,13400,55.638175,12.581597
5239481,3,93,15438,55.646465,12.551933
5086662,2,107,17500,55.671337,12.564363
5251771,3,108,17500,55.632257,12.577481
5239923,4,113,17000,55.638001,12.581605
5240229,4,113,17400,55.638001,12.581605
5268052,4,105,14950,55.618673,12.567705
5117192,3,167,32000,55.686293,12.591646
5240219,4,107,15900,55.638175,12.581597
5239404,2,60,12200,55.637997,12.580752
5243717,2,76,12450,55.682748,12.455784
5189006,2,168,24000,55.665249,12.599428
5248612,1,38,6900,55.703754,12.537448
5045578,3,77,14150,55.621329,12.568791
5239378,2,52,11800,55.637921,12.581371
5239339,2,57,11800,55.638307,12.581241
5248584,1,37,6900,55.703754,12.537448
5239354,3,65,13300,55.637841,12.581140
5239363,2,59,11800,55.637921,12.581371
5243716,2,84,12600,55.683006,12.456226
5239393,3,95,14400,55.637664,12.580775
5239359,3,69,13300,55.637921,12.581371
5239403,2,61,11700,55.637897,12.580714
5239400,2,67,11900,55.637843,12.580475
5239916,4,140,18600,55.638175,12.581597
5233492,4,113,16900,55.653134,12.548116
5143965,3,175,21000,55.702201,12.585425
5242865,4,106,14900,55.682748,12.455784
5022408,2,110,19000,55.733630,12.574908
5239929,4,118,16500,55.638175,12.581597
5240223,3,100,15200,55.638175,12.581597
5113442,2,62,10050,55.676449,12.436417
5240219,4,107,15900,55.638175,12.581597
5211179,2,59,12200,55.640331,12.582975
5240222,3,96,14100,55.638175,12.581597
5247639,4,114,15600,55.652309,12.556465
5242847,3,109,14400,55.682748,12.455784
5183555,3,108,17565,55.677779,12.573410
5179268,2,105,17087,55.712537,12.564038
5243752,3,84,13600,55.616671,12.565964
5237518,4,104,18145,55.652730,12.545434
5080335,3,96,17700,55.704347,12.593984
5251669,3,123,17500,55.658423,12.513910
5176242,1,38,9300,55.660626,12.613696
5143965,3,175,21000,55.702201,12.585425
5239382,2,68,12200,55.637755,12.580868
5244176,3,80,14500,55.663031,12.626929
5239436,2,52,12000,55.637841,12.581140
5195417,3,69,13650,55.664898,12.611405
5239351,3,69,13200,55.637841,12.581140
5239402,3,70,13700,55.637997,12.580752
5239429,3,76,14700,55.638325,12.580990
5208331,1,47,10000,55.616870,12.566039
5239380,3,78,13800,55.637749,12.581051
5239405,3,70,14100,55.637997,12.580752
5183553,4,177,26560,55.677779,12.573410
5239396,3,91,14800,55.637843,12.580475
5239418,3,70,13600,55.638214,12.580920
5195414,4,114,15800,55.652309,12.556465
5239483,3,92,15640,55.646465,12.551933
5239387,4,109,16300,55.637664,12.580775
5239391,3,91,14300,55.637843,12.580475
5244126,2,98,16000,55.650254,12.554918
5158556,2,114,15470,55.634562,12.582097
5246722,3,101,13650,55.682748,12.455784
5262424,4,102,14450,55.727318,12.474743
5092241,4,93,14150,55.711801,12.480088
5239355,3,69,13400,55.637841,12.581140
5080388,3,103,22500,55.675466,12.593536
5239334,2,66,12400,55.638237,12.581356
5179150,1,38,9300,55.660626,12.613696
5153010,2,91,17500,55.671843,12.572796
4953604,2,62,11100,55.676449,12.436417
5239361,3,78,14000,55.637749,12.581051
5206500,3,92,15640,55.646565,12.552006
5246704,2,76,12350,55.682748,12.455784
5083072,4,134,20150,55.653492,12.567663
4816585,3,83,12600,55.676850,12.436220
5260083,2,98,15400,55.658929,12.512664
5205557,4,118,18700,55.649294,12.553301
4821327,3,179,23895,55.683237,12.573066
5239413,3,74,14300,55.638117,12.580798
5174258,3,73,12400,55.727596,12.479145
5179150,1,38,9300,55.660626,12.613696
5239371,2,52,11800,55.637841,12.581140
5083072,4,134,20150,55.653492,12.567663
5252895,2,68,11900,55.637897,12.580714
5247640,3,92,13300,55.651584,12.555794
5243029,4,101,15100,55.677077,12.434502
5239423,3,70,14400,55.638214,12.580920
5175037,4,115,15195,55.697956,12.505872
5158557,4,165,35000,55.679238,12.589206
5242837,3,90,13300,55.682748,12.455784
5195414,4,114,15800,55.652309,12.556465
4991229,4,250,35800,55.709615,12.578470
5239386,2,68,12500,55.637755,12.580868
5009489,2,149,28000,55.657744,12.567416
5252879,3,80,12100,55.711095,12.479290
5150827,4,118,17900,55.644235,12.549001
5240231,3,96,14500,55.638175,12.581597
4956216,3,108,13400,55.738722,12.488817
4856757,3,110,14899,55.738156,12.506994
5252854,3,102,17425,55.647880,12.552908
5126129,1,30,8409,55.645948,12.636120
5175448,3,98,14100,55.654178,12.549055
5252180,2,60,11950,55.635287,12.578356
4956099,2,64,10550,55.617418,12.566349
5247639,4,114,15600,55.652309,12.556465
5251771,3,108,17500,55.632257,12.577481
5150827,4,118,17900,55.644235,12.549001
5194155,3,99,16500,55.656178,12.552475
5246786,2,77,12100,55.619210,12.572460
5239486,3,105,14300,55.677077,12.434502
5183554,3,121,20200,55.677830,12.573206
5272893,4,88,14950,55.645205,12.550519
5106550,4,95,15700,55.648996,12.552234
5183551,3,121,20300,55.677830,12.573206
5239340,3,96,14200,55.638175,12.581597
5272804,1,44,9000,55.667881,12.516962
4953606,3,80,12350,55.676449,12.436417
5247706,3,85,13300,55.676449,12.436417
5272681,3,81,13600,55.609727,12.583102
4932992,2,72,12475,55.620139,12.571179
5272627,2,66,12200,55.637664,12.580775
5088658,1,32,7471,55.705502,12.527119
5272657,3,95,14600,55.707430,12.553607
5239416,2,64,12200,55.638117,12.580798
4856541,4,100,14272,55.626185,12.576225
5239398,4,105,16700,55.637843,12.580475
5060531,2,81,18500,55.667456,12.531951
5046452,3,69,13200,55.650043,12.536490
5272652,3,97,14200,55.619392,12.568249
5179136,4,136,18900,55.653989,12.504537
5216779,4,112,16195,55.633930,12.597071
5272695,2,69,13200,55.637921,12.581371
5174258,3,73,12400,55.727596,12.479145
5272678,2,83,13500,55.659682,12.513208
5054952,1,47,8916,55.701219,12.535712
5239357,2,52,12200,55.637921,12.581371
5272692,3,75,13400,55.635913,12.579078
5272660,4,94,13900,55.711801,12.480088
5272721,2,54,12400,55.636724,12.580009
5243763,5,106,16300,55.619454,12.571110
5189612,3,70,13250,55.619128,12.568626
5148240,2,66,11500,55.688955,12.449246
5243764,4,104,17500,55.645488,12.545785
5233492,4,113,16900,55.653134,12.548116
5272658,4,103,14000,55.710620,12.483975
5263111,2,69,12000,55.656354,12.502907
5272653,4,91,14300,55.639433,12.581914
5116574,2,156,38500,55.671275,12.588102
5205557,4,118,18700,55.649294,12.553301
5252404,4,103,15400,55.618970,12.567802
5051037,4,95,13950,0.000000,0.000000
5158557,4,165,35000,55.679238,12.589206
5046515,3,114,14800,55.717700,12.487823
5248150,2,78,12300,55.617801,12.566495
5262487,1,35,8200,55.652155,12.549234
5258687,1,32,7500,55.665096,12.456153
5158556,2,114,15470,55.634562,12.582097
5269023,1,28,8500,55.663553,12.591000
5246200,2,58,11900,55.639915,12.582965
5239415,2,64,11800,55.638117,12.580798
5242859,3,93,15200,55.682748,12.455784
5263650,3,71,13500,55.650043,12.536490
5211399,3,104,14900,55.625388,12.571490
5242838,3,90,13200,55.682748,12.455784
5046499,4,104,16000,55.648323,12.538355
5185777,4,114,16995,55.633488,12.597323
5162488,3,113,14300,55.640331,12.582975
5190915,3,96,15084,55.649051,12.535273
5263111,2,69,12000,55.656354,12.502907
5249493,2,64,11950,55.636178,12.580926
5246728,3,87,13200,55.682748,12.455784
5207852,3,72,11950,55.711095,12.479290
5246730,3,86,13200,55.682748,12.455784
5117279,2,71,11595,55.697808,12.505049
5239916,4,140,18600,55.638175,12.581597
5246727,3,87,13100,55.682748,12.455784
5059088,4,93,14900,55.619468,12.572515
5239487,2,79,13825,55.676739,12.434732
5252852,4,104,17525,55.648154,12.552848
5239491,2,73,11525,55.676946,12.434875
5183551,3,121,20300,55.677830,12.573206
5252909,4,125,17300,55.656497,12.552595
5246718,2,83,12700,55.682748,12.455784
5246723,4,103,14750,55.682748,12.455784
5162488,3,113,14300,55.640331,12.582975
5246726,3,87,13200,55.682748,12.455784
5126129,1,30,8409,55.645948,12.636120
5252440,1,43,10100,55.616521,12.566203
5246786,2,77,12100,55.619210,12.572460
5195417,3,69,13650,55.664898,12.611405
5262487,1,35,8200,55.652155,12.549234
5239359,3,69,13300,55.637921,12.581371
5252182,2,56,11900,55.636125,12.581213
5246729,4,112,14900,55.682748,12.455784
5246719,3,99,13600,55.682748,12.455784
5238108,3,85,13100,55.676449,12.436417
5239339,2,57,11800,55.638307,12.581241
5074400,4,100,13763,55.626185,12.576225
5246698,2,71,11950,55.682748,12.455784
5246699,3,97,13700,55.683006,12.456226
5216834,4,111,16835,55.676169,12.436299
4916881,3,91,14500,55.656178,12.552475
5239341,4,140,17900,55.638175,12.581597
5183554,3,121,20200,55.677830,12.573206
5261734,3,71,11950,55.710460,12.484442
4643438,3,100,17850,55.719692,12.577119
5054946,1,52,9436,55.701219,12.535712
4837642,3,192,65000,55.657782,12.562120
4956079,3,80,13350,55.617418,12.566349
5249750,4,151,29500,55.684243,12.567298
5155267,3,66,13300,55.618372,12.573111
5248010,1,37,6900,55.703754,12.537448
5117366,4,132,14781,55.606643,12.592681
5092258,4,88,14150,55.711542,12.480989
5091482,3,153,19000,55.611146,12.585691
5190928,4,104,15000,55.618970,12.567802
5243718,2,84,12400,55.683006,12.456226
5246721,2,83,12500,55.682748,12.455784
5196237,3,81,13500,55.677018,12.435548
5195415,4,114,15400,55.652309,12.556465
5211399,3,104,14900,55.625388,12.571490
5078148,1,35,8250,55.688441,12.491476
5266754,2,158,28000,55.684947,12.590202
5126126,1,28,8002,55.645948,12.636120
5087580,3,104,14350,55.671176,12.472884
5244078,1,32,7700,55.665096,12.456153
5064391,2,56,11100,55.636709,12.582897
5216548,2,55,10500,55.705114,12.435315
5248584,1,37,6900,55.703754,12.537448
5259411,3,97,15611,55.646015,12.552361
5091482,3,153,19000,55.611146,12.585691
5179136,4,136,18900,55.653989,12.504537
4599706,3,153,30000,55.684508,12.589259
4956079,3,80,13350,55.617418,12.566349
5221419,4,103,14950,55.619409,12.567984
4857024,2,80,14035,55.660679,12.629926
5034619,4,131,16000,55.635112,12.582962
5074395,3,126,16000,55.663491,12.601004
5058138,4,106,14100,55.682334,12.455547
5251668,1,108,16400,55.658423,12.513910
5272076,4,93,12900,55.711542,12.480989
5271977,2,66,12200,55.619439,12.569174
5239371,2,52,11800,55.637841,12.581140
5248010,1,37,6900,55.703754,12.537448
5272049,4,90,14200,55.639674,12.582732
5238110,2,85,13300,55.676449,12.436417
5211177,4,116,16000,55.640331,12.582975
5162490,4,101,15350,55.618467,12.566740
5272031,3,94,15500,55.664612,12.622703
5272050,4,107,13900,55.711542,12.480989
5208358,3,86,15900,55.663553,12.591000
5271998,3,77,12000,55.710460,12.484442
5221419,4,103,14950,55.619409,12.567984
5272075,4,93,13750,55.711542,12.480989
5272066,2,79,13000,55.638175,12.581597
5272105,2,60,12200,55.634942,12.579119
5239412,3,74,14200,55.638117,12.580798
5272266,1,85,13900,55.659334,12.513719
5246722,3,101,13650,55.682748,12.455784
5092258,4,88,14150,55.711542,12.480989
5148688,1,105,13500,55.666606,12.617354
5268051,4,105,14950,55.618673,12.567705
5111241,2,43,11100,55.705286,12.543816
5272057,4,92,13850,55.711801,12.480088
5252927,4,138,21350,55.618970,12.567802
5263091,1,68,11024,55.646606,12.636577
4764511,5,169,17200,55.636801,12.618641
5158631,6,195,35000,55.682541,12.585982
5164147,4,113,15800,55.654178,12.549055
5246704,2,76,12350,55.682748,12.455784
5121301,3,65,14032,55.663095,12.593584
4871079,4,120,15898,55.676419,12.436414
5111169,3,88,14300,55.652591,12.520118
5271989,3,72,12000,55.710460,12.484442
5074395,3,126,16000,55.663491,12.601004
5238108,3,85,13100,55.676449,12.436417
5083112,2,63,13132,55.649051,12.535273
5252404,4,103,15400,55.618970,12.567802
5267192,2,43,9900,55.665096,12.456153
5194095,2,48,11100,55.705378,12.543452
5248582,1,44,7300,55.703754,12.537448
5246671,2,56,13000,55.653284,12.519206
5240224,4,140,18100,55.638175,12.581597
5170590,5,139,18995,55.676193,12.471977
5128798,4,97,14150,55.711801,12.480088
5252850,4,104,16875,55.648154,12.552848
5246706,3,90,13550,55.682748,12.455784
5240223,3,100,15200,55.638175,12.581597
5158080,3,98,18100,55.703763,12.595577
5086165,3,183,29500,55.707720,12.577034
5111169,3,88,14300,55.652591,12.520118
5211394,4,103,14450,55.671176,12.472884
5158631,6,195,35000,55.682541,12.585982
4939496,2,73,12630,55.617810,12.572924
3647161,4,97,14600,55.688955,12.449246
4856926,3,90,13778,55.726121,12.478513
5248595,1,37,6900,55.703754,12.537448
5195415,4,114,15400,55.652309,12.556465
5107666,4,90,15900,55.644186,12.551306
5037873,1,48,10700,55.668717,12.613030
5252853,4,103,17850,55.648067,12.552553
5158080,3,98,18100,55.703763,12.595577
5247996,1,46,7600,55.703754,12.537448
5205899,3,86,14000,55.619978,12.568789
5111386,3,88,14300,55.652591,12.520118
5248013,1,38,7100,55.703754,12.537448
5239349,3,69,13300,55.637841,12.581140
5266790,4,105,13287,55.676177,12.436038
5239416,2,64,12200,55.638117,12.580798
5239358,3,69,13600,55.637841,12.581140
5216779,4,112,16195,55.633930,12.597071
5184625,3,108,16300,55.659761,12.515062
5092263,4,88,13850,55.711542,12.480989
5126178,1,32,6350,55.727220,12.479290
5111241,2,43,11100,55.705286,12.543816
5248020,1,37,7100,55.703754,12.537448
5208356,1,28,12500,55.663553,12.591000
5145322,2,141,30000,55.677205,12.596539
5111380,5,133,18700,55.618004,12.566581
5121806,3,104,16450,55.663616,12.624077
4984334,2,63,11560,55.684080,12.465177
5121301,3,65,14032,55.663095,12.593584
5248150,2,78,12300,55.617801,12.566495
5246404,4,106,14600,55.631852,12.574902
5179159,3,91,15825,55.647958,12.553217
5194812,4,100,17200,55.637796,12.581832
5116713,4,106,14100,55.682195,12.455194
5212706,3,107,16300,55.643764,12.550750
5112311,3,105,14200,55.656227,12.550561
5079404,3,102,18200,55.703844,12.594553
5091566,2,71,12700,55.619740,12.571870
4856619,2,83,12426,55.726121,12.478513
5126127,1,28,7927,55.645948,12.636120
5083115,2,81,14377,55.658919,12.560176
4979400,3,76,13600,55.638315,12.581096
5246728,3,87,13200,55.682748,12.455784
4562397,3,140,34000,55.657603,12.568007
5253294,3,93,16220,55.646465,12.551933
5128798,4,97,14150,55.711801,12.480088
5246721,2,83,12500,55.682748,12.455784
4991843,1,48,10381,55.679425,12.551437
5160105,3,92,13500,55.677018,12.435548
5248018,1,37,7100,55.703754,12.537448
5113434,6,139,16900,55.683682,12.458612
5246723,4,103,14750,55.682748,12.455784
5104619,2,63,11050,55.671176,12.472884
5248004,1,37,6900,55.703754,12.537448
5247706,3,85,13300,55.676449,12.436417
4763553,3,83,12350,0.000000,0.000000
5092263,4,88,13850,55.711542,12.480989
5262434,1,37,8304,55.688410,12.528072
5059558,2,59,11300,55.636709,12.582897
5179383,5,134,18000,55.619128,12.568626
5247362,1,37,7100,55.703754,12.537448
5248009,1,46,7600,55.703754,12.537448
5247643,3,92,13100,55.652309,12.556465
5061338,4,111,16175,55.633488,12.597323
5106532,4,96,13650,55.638359,12.583660
5111380,5,133,18700,55.618004,12.566581
5239929,4,118,16500,55.638175,12.581597
5262427,1,45,8800,55.649554,12.551497
5258840,3,105,14300,55.677018,12.435548
5239489,3,93,13500,55.676946,12.434875
5008834,4,101,13850,55.618121,12.567602
5184625,3,108,16300,55.659761,12.515062
5258839,2,79,13825,55.677018,12.435548
5262434,1,37,8304,55.688410,12.528072
5272847,1,33,7400,55.655730,12.511585
5126151,2,44,9600,55.665096,12.456153
5252440,1,43,10100,55.616521,12.566203
5054947,1,43,8385,55.701219,12.535712
5262427,1,45,8800,55.649554,12.551497
5262446,1,41,6200,55.707601,12.531026
5262445,1,41,6200,55.707601,12.531026
5145322,2,141,30000,55.677205,12.596539
5056187,2,107,20800,55.672092,12.573063
5249750,4,151,29500,55.684243,12.567298
5238110,2,85,13300,55.676449,12.436417
5212706,3,107,16300,55.643764,12.550750
5239418,3,70,13600,55.638214,12.580920
5239351,3,69,13200,55.637841,12.581140
5136230,2,129,22500,55.697508,12.593590
5079384,4,128,17900,55.644880,12.550609
5111784,3,136,19995,55.690277,12.461940
5092233,5,110,15900,55.711801,12.480088
5112360,4,106,14922,55.725926,12.479092
5148197,1,28,8139,55.645948,12.636120
5194095,2,48,11100,55.705378,12.543452
5248761,2,63,12800,55.620270,12.573462
5244097,4,95,13750,55.638359,12.583660
5192970,4,104,16300,55.618970,12.567802
5247641,3,90,13200,55.651910,12.556472
5092244,4,92,14100,55.711801,12.480088
5103325,4,93,13750,55.675954,12.434568
5088656,1,32,7334,55.705502,12.527119
5247642,3,90,13200,55.652117,12.555930
4953594,2,62,11000,55.676449,12.436417
5192976,3,97,14200,55.619409,12.567984
2116616,3,119,14950,55.620511,12.573563
5189674,4,116,19779,55.649051,12.535273
5268509,2,111,19700,55.671843,12.572796
5108464,2,83,12000,55.676850,12.436220
5117304,5,122,25000,55.741758,12.578883
4953540,4,103,14250,55.671176,12.472884
5023162,4,108,14511,55.676413,12.437081
4956115,2,63,10750,55.617418,12.566349
5079416,2,68,11400,55.682562,12.456123
5015734,1,46,10000,55.616959,12.566361
4956112,3,80,13050,55.617418,12.566349
5056188,4,134,20100,55.653492,12.567663
4961465,1,49,10000,55.668745,12.613605
4956076,2,64,10750,55.617418,12.566349
5062067,4,102,16800,55.649175,12.553826
5158558,4,95,16500,55.650785,12.554887
5160105,3,92,13500,55.677018,12.435548
5143985,3,92,14000,55.655089,12.547842
5070395,4,118,17200,55.644123,12.549448
5130197,3,113,14750,55.640331,12.582975
5192978,5,111,16200,55.618970,12.567802
5263134,2,79,12950,55.638175,12.581597
5206495,3,71,13600,55.620270,12.573462
5148237,3,89,12100,55.725246,12.476602
5015734,1,46,10000,55.616959,12.566361
5239357,2,52,12200,55.637921,12.581371
5126151,2,44,9600,55.665096,12.456153
5060287,2,74,11700,55.688955,12.449246
5207192,4,114,15000,55.671176,12.472884
5088653,1,32,7334,55.705502,12.527119
4956110,2,64,10450,55.617418,12.566349
5246712,4,106,14850,55.682748,12.455784
5272894,4,92,14100,55.619978,12.568789
5056188,4,134,20100,55.653492,12.567663
5106533,3,84,12600,55.688955,12.449246
5258839,2,79,13825,55.677018,12.435548
5258840,3,105,14300,55.677018,12.435548
5247360,3,95,17500,55.666447,12.593103
5190012,4,104,15000,55.618970,12.567802
5239488,3,93,13500,55.677085,12.434243
4757931,4,95,13450,0.000000,0.000000
4856977,4,127,22444,55.658841,12.559367
5248581,1,46,7600,55.703754,12.537448
4961465,1,49,10000,55.668745,12.613605
4953615,2,62,11300,55.676449,12.436417
4956100,2,64,10550,55.617418,12.566349
5251492,4,138,21350,55.618970,12.567802
5248005,1,37,6900,55.703754,12.537448
4976253,2,104,16750,55.712537,12.564038
5112380,5,123,16705,55.621711,12.572956
5072136,2,188,28000,55.675075,12.571788
5158558,4,95,16500,55.650785,12.554887
4956112,3,80,13050,55.617418,12.566349
5179367,4,101,15700,55.616752,12.568257
5070395,4,118,17200,55.644123,12.549448
4956091,3,80,13250,55.617418,12.566349
5189677,2,62,12938,55.649051,12.535273
5206506,3,69,13525,55.620270,12.573462
5249721,3,108,14900,55.625353,12.569615
5015673,1,46,10000,55.616521,12.566203
5248610,1,37,6900,55.703754,12.537448
5248611,1,37,6900,55.703754,12.537448
5248613,1,37,6900,55.703754,12.537448
5248024,1,37,7100,55.703754,12.537448
5248608,1,38,6900,55.703754,12.537448
5248603,1,37,6900,55.703754,12.537448
5248599,1,37,6900,55.703754,12.537448
5248602,1,37,6900,55.703754,12.537448
5208156,4,107,18725,55.648098,12.552759
5248598,1,37,6900,55.703754,12.537448
5072896,2,74,11000,55.705114,12.435315
5248609,1,37,6900,55.703754,12.537448
5248596,1,37,6900,55.703754,12.537448
4979559,2,64,11800,55.638117,12.580798
5252853,4,103,17850,55.648067,12.552553
5130197,3,113,14750,55.640331,12.582975
5261861,4,104,15700,55.618970,12.567802
5078187,2,105,17094,55.712537,12.564038
4979544,2,63,12000,55.637997,12.580752
5248016,1,37,6900,55.703754,12.537448
5248593,1,38,6900,55.703754,12.537448
4966211,4,114,15975,55.633930,12.597071
5205804,2,48,11100,55.705378,12.543452
5054942,1,42,9854,55.679425,12.551437
5208357,1,39,10000,55.663553,12.591000
4979545,3,70,13600,55.637997,12.580752
5112380,5,123,16705,55.621711,12.572956
5248009,1,46,7600,55.703754,12.537448
4979598,2,63,12300,55.634942,12.579119
5092306,3,72,12000,55.711095,12.479290
5248004,1,37,6900,55.703754,12.537448
4979559,2,64,11800,55.638117,12.580798
4942878,4,91,15085,55.621840,12.572173
5158555,6,195,35000,55.682541,12.585982
4939497,3,88,14300,55.654803,12.549074
5268062,1,47,9200,55.705378,12.543452
5015673,1,46,10000,55.616521,12.566203
5179334,3,86,15080,55.663095,12.593584
5179140,3,101,15525,55.647737,12.552219
5246718,2,83,12700,55.682748,12.455784
5086670,4,105,14500,55.671176,12.472884
5246726,3,87,13200,55.682748,12.455784
5092267,4,92,14250,55.711801,12.480088
5107671,3,96,15650,55.644318,12.549037
5092237,4,92,13850,55.711801,12.480088
4966211,4,114,15975,55.633930,12.597071
5092247,4,93,13700,55.711542,12.480989
5144887,4,113,14200,55.711542,12.480989
4942878,4,91,15085,55.621840,12.572173
5246730,3,86,13200,55.682748,12.455784
5113437,4,94,14050,55.671176,12.472884
5246727,3,87,13100,55.682748,12.455784
5127345,2,55,10500,55.705114,12.435315
4956104,2,64,11250,55.617418,12.566349
5092280,4,88,14150,55.711801,12.480088
5249738,4,151,29500,55.684243,12.567298
5081777,3,70,13250,55.619128,12.568626
4939497,3,88,14300,55.654803,12.549074
5080327,4,94,16450,55.645488,12.545785
5206499,3,98,15650,55.646565,12.552006
5175902,4,105,14850,55.618673,12.567705
5008805,3,142,39000,55.657308,12.568152
5077774,3,102,18950,55.703731,12.596756
5158559,3,82,14500,55.651125,12.555139
5008250,4,113,20961,55.659018,12.560558
5179367,4,101,15700,55.616752,12.568257
5117372,5,146,15672,55.606455,12.594415
5117306,2,132,17000,55.654190,12.611142
5190012,4,104,15000,55.618970,12.567802
5081636,4,122,17750,55.654204,12.549464
4979385,2,71,12700,55.638307,12.581241
4979396,2,66,12300,55.638237,12.581356
5081489,4,128,18350,55.652689,12.612637
5088651,1,32,7334,55.705502,12.527119
5244079,3,78,14400,55.665522,12.456031
4956104,2,64,11250,55.617418,12.566349
5247999,1,37,6900,55.703754,12.537448
4898892,2,58,11850,55.640331,12.582975
5206495,3,71,13600,55.620270,12.573462
4953549,4,94,14050,55.671176,12.472884
5092229,4,92,13850,55.711801,12.480088
4953554,4,94,13850,55.671176,12.472884
5087554,4,98,14300,55.688955,12.449246
4648142,4,148,28352,55.695726,12.545110
5207192,4,114,15000,55.671176,12.472884
4961499,4,104,18100,55.649175,12.554973
5111825,3,85,13300,55.676449,12.436417
5268155,3,89,14950,55.659338,12.510673
4979385,2,71,12700,55.638307,12.581241
4976355,3,101,17700,55.654306,12.553702
5269991,1,42,8900,55.651307,12.511187
4898892,2,58,11850,55.640331,12.582975
5192972,5,124,17100,55.619128,12.568626
5061398,3,80,12100,55.683682,12.458612
5144887,4,113,14200,55.711542,12.480989
5029967,2,67,11150,55.671176,12.472884
5263198,3,92,15700,55.646315,12.552322
5263109,3,87,14000,55.656005,12.503815
5158630,2,114,15470,55.634562,12.582097
5263112,2,69,11895,55.697421,12.505143
5088660,3,102,14000,55.671176,12.472884
5253200,3,105,16200,55.652689,12.612637
5117372,5,146,15672,55.606455,12.594415
5092236,4,93,13750,55.711542,12.480989
4581593,4,180,27000,55.673109,12.589947
5175902,4,105,14850,55.618673,12.567705
5092269,4,111,14500,55.711240,12.480251
4813637,1,60,14500,55.668745,12.613605
5107650,2,66,12300,55.637664,12.580775
5248601,1,37,6900,55.703754,12.537448
5110005,2,61,11721,55.621840,12.572173
5092280,4,88,14150,55.711801,12.480088
5009491,4,151,26600,55.658128,12.567894
4956063,2,64,11650,55.617418,12.566349
4953609,2,62,11200,55.676449,12.436417
4581595,3,156,27300,55.672741,12.590873
4968563,2,53,12200,55.640331,12.582975
5081673,3,104,14250,55.671176,12.472884
4989269,5,121,17990,55.640001,12.578481
5248581,1,46,7600,55.703754,12.537448
5051038,3,99,13900,55.677028,12.436588
5208156,4,107,18725,55.648098,12.552759
5111821,4,103,14250,55.671176,12.472884
5113971,4,119,15800,55.636709,12.582897
5088654,1,32,7334,55.705502,12.527119
5112359,4,106,14462,55.725636,12.478914
5248591,1,37,6900,55.703754,12.537448
5246693,2,71,12450,55.682748,12.455784
5246696,2,71,12250,55.682748,12.455784
5092229,4,92,13850,55.711801,12.480088
5274113,2,64,13200,55.637843,12.580475
5246701,3,97,13900,55.683006,12.456226
5246697,2,76,12250,55.682748,12.455784
5274116,3,70,13250,55.619137,12.568627
5105805,3,96,14977,55.621584,12.573410
5246705,3,115,15950,55.682748,12.455784
5274112,4,96,13900,55.711801,12.480088
5158559,3,82,14500,55.651125,12.555139
5246708,3,90,13350,55.682748,12.455784
5246702,3,97,13800,55.683006,12.456226
5246709,3,93,13300,55.682748,12.455784
5246707,3,90,13450,55.682748,12.455784
5272863,2,90,16700,55.659544,12.570384
5275968,3,146,26000,55.737286,12.538268
5275729,1,27,7900,55.681189,12.518624
5275717,1,25,7550,55.681189,12.518624
5275727,1,27,7900,55.681189,12.518624
5275714,1,29,7400,55.655730,12.511585
5275715,1,35,7500,55.651556,12.511923
5274145,2,66,12400,55.619018,12.570785
5275718,1,25,7550,55.681189,12.518624
5275724,1,35,8250,55.651556,12.511923
5275728,1,26,8000,55.681189,12.518624
5275719,1,48,10650,55.712077,12.575295
5275970,2,65,11900,55.617290,12.570032
5275699,3,105,17631,55.680505,12.578989
5275709,4,95,16300,55.664593,12.622675
5275433,3,71,15000,55.694877,12.570948
5275431,3,85,14600,55.662560,12.627215
5275951,4,115,19000,55.669016,12.512669
5274223,1,40,8350,55.651556,12.511923
5274241,1,35,7950,55.651307,12.511187
5274225,1,26,8650,55.681189,12.518624
5273969,2,29,10600,55.681189,12.518624
5275736,1,24,7650,55.681189,12.518624
5275732,1,35,7900,55.651556,12.511923
5275731,1,35,7900,55.651556,12.511923
5274236,1,24,8300,55.681189,12.518624
5273988,2,43,10200,55.651307,12.511187
5273942,1,33,11100,55.681189,12.518624
5273985,2,32,10400,55.681189,12.518624
5273970,2,29,10700,55.681189,12.518624
5273966,2,31,10900,55.681189,12.518624
5274221,1,26,8650,55.681189,12.518624
5274220,1,36,8500,55.651556,12.511923
5273971,2,29,10600,55.681189,12.518624
5275733,1,25,7600,55.681189,12.518624
5273944,3,79,11250,55.711542,12.480989
5274028,4,100,15500,55.619018,12.570785
5273989,1,52,10200,55.659106,12.510073
5274270,1,35,7800,55.651556,12.511923
5273998,2,43,10250,55.651307,12.511187
5275277,1,39,8750,55.712077,12.575295
5275280,1,35,8500,55.712077,12.575295
5274248,1,35,7950,55.651307,12.511187
5274282,1,35,7800,55.651556,12.511923
5275278,1,36,9300,55.712077,12.575295
5274277,1,25,7750,55.681189,12.518624
5274280,1,25,7800,55.681189,12.518624
5274254,1,26,7900,55.681189,12.518624
5275282,1,37,8700,55.712077,12.575295
5275272,3,70,13000,55.619409,12.567984
5274022,3,94,15500,55.639508,12.582960
5274023,5,117,15600,55.618970,12.567802
5274021,3,78,15500,55.666674,12.625403
5274025,5,111,15500,55.618970,12.567802
5274053,4,104,15400,55.618970,12.567802
5274293,1,35,7500,55.651307,12.511187
5275341,1,33,6200,55.720895,12.556455
5274060,3,84,14800,55.636125,12.581213
5275332,4,114,14950,55.631852,12.574902
5274056,3,85,15400,55.666197,12.621256
5274034,3,83,15300,55.666197,12.621256
5274036,3,89,15300,55.666197,12.621256
5274044,3,94,15000,55.666493,12.624566
5274043,4,103,15200,55.619392,12.568249
5274059,4,111,15500,55.639433,12.581914
5274066,3,95,14800,55.707430,12.553607
5274042,3,85,15100,55.666197,12.621256
5271474,3,103,15879,55.677990,12.496304
5274039,4,90,15200,55.635169,12.579627
5274050,4,98,14900,55.609727,12.583102
5275325,4,112,16689,55.659681,12.512877
5274064,3,108,14700,55.638175,12.581597
5274073,4,98,14900,55.727220,12.477641
5274078,4,103,14800,55.619392,12.568249
5274080,4,113,14200,55.711542,12.480989
5274087,3,108,14600,55.638175,12.581597
5274072,3,95,14400,55.637664,12.580775
5274085,3,76,14000,55.638325,12.580990
5274076,3,98,14200,55.617720,12.568271
5274088,3,98,14000,55.726986,12.477065
5274090,4,81,13900,55.618970,12.567802
5274079,3,97,14500,55.619392,12.568249
5274074,3,98,14400,55.617720,12.568271
5274071,3,81,14700,55.659827,12.513933
5274077,4,94,14900,55.619392,12.568249
5274084,4,92,14000,55.711801,12.480088
5274091,4,102,14000,55.710620,12.483975
5274082,4,93,14150,55.711801,12.480088
5274081,4,103,14500,55.619392,12.568249
5274086,4,94,14000,55.619018,12.570785
5274104,3,80,13600,55.639789,12.582016
5248597,1,49,8000,55.703754,12.537448
5274101,4,93,13700,55.711542,12.480989
5275901,1,37,5632,55.707792,12.485342
5275899,3,88,13800,55.649703,12.550492
5274102,4,97,14150,55.711801,12.480088
5274092,4,102,14000,55.710620,12.483975
5274108,3,70,13500,55.635246,12.578788
5274103,4,95,13750,55.711801,12.480088
5275900,1,31,7350,55.703613,12.553748
5274111,3,74,13500,55.636134,12.579520
5274096,4,102,13900,55.711542,12.480989
5274109,3,72,13600,55.636114,12.578472
5274093,3,100,15000,55.638175,12.581597
5246711,3,90,13250,55.682748,12.455784
5275893,2,111,24900,55.726972,12.577694
5274100,3,81,14200,55.636803,12.580686
5274106,3,108,14300,55.638175,12.581597
5247363,1,37,7100,55.703754,12.537448
5248013,1,38,7100,55.703754,12.537448
5205804,2,48,11100,55.705378,12.543452
5248018,1,37,7100,55.703754,12.537448
5110052,2,62,10850,55.676449,12.436417
5092294,4,102,14000,55.711240,12.480251
5247355,1,44,8995,55.695357,12.534754
5261972,4,102,17100,55.618872,12.568731
5248005,1,37,6900,55.703754,12.537448
5247676,4,103,15260,55.636709,12.582897
5261970,3,93,14200,55.618578,12.569062
5074456,4,94,14050,55.671176,12.472884
5179191,4,103,15400,55.618970,12.567802
5130198,4,116,16150,55.640331,12.582975
5113969,4,114,15200,55.671176,12.472884
5271474,3,103,15879,55.677990,12.496304
4869344,2,73,13028,55.617810,12.572924
4989269,5,121,17990,55.640001,12.578481
5246716,3,99,13900,55.682748,12.455784
5247992,1,37,7100,55.703754,12.537448
5247988,1,37,7100,55.703754,12.537448
5248015,1,37,7100,55.703754,12.537448
5248011,1,38,7100,55.703754,12.537448
5247991,1,37,7100,55.703754,12.537448
5247997,1,37,6900,55.703754,12.537448
5247993,1,37,6900,55.703754,12.537448
5247990,1,37,7100,55.703754,12.537448
5246720,4,103,14850,55.682748,12.455784
5248014,1,37,7100,55.703754,12.537448
5092236,4,93,13750,55.711542,12.480989
5246714,4,106,14650,55.682748,12.455784
5246713,4,106,14750,55.682748,12.455784
5248012,1,37,7100,55.703754,12.537448
5246706,3,90,13550,55.682748,12.455784
5246715,4,106,14950,55.682748,12.455784
5248006,1,37,6900,55.703754,12.537448
5206498,3,93,16220,55.646565,12.552006
5107683,4,128,18750,55.648474,12.552865
1503814,2,77,55000,55.705974,12.588295
4956111,2,64,10950,55.617418,12.566349
5248579,1,37,6900,55.703754,12.537448
5088654,1,32,7334,55.705502,12.527119
4979488,2,78,12950,55.637749,12.581051
5252405,4,94,14900,55.619409,12.567984
5079386,4,112,18600,55.648266,12.553423
5051038,3,99,13900,55.677028,12.436588
5162486,2,92,15300,55.659761,12.515062
5107673,4,138,24950,55.648253,12.553517
5179153,3,97,14995,55.652430,12.545442
5115260,2,63,10850,55.671176,12.472884
5092232,4,102,13900,55.711542,12.480989
5254743,3,107,19900,55.671843,12.572796
4956123,3,80,12950,55.617418,12.566349
5033162,4,94,13850,55.671176,12.472884
5248600,1,37,6900,55.703754,12.537448
5248594,1,37,6900,55.703754,12.537448
4956086,1,60,10450,55.617418,12.566349
5248023,1,37,7100,55.703754,12.537448
5248019,1,37,7100,55.703754,12.537448
5184716,4,105,16000,55.619638,12.568158
5248607,1,37,6900,55.703754,12.537448
5248021,1,37,7100,55.703754,12.537448
4956098,2,65,11050,55.617418,12.566349
5107650,2,66,12300,55.637664,12.580775
5248604,1,37,6900,55.703754,12.537448
5248592,1,38,6900,55.703754,12.537448
5248590,1,37,6900,55.703754,12.537448
5107672,3,111,15900,55.648609,12.553888
5024204,3,96,14100,55.656054,12.547822
5011143,4,95,14350,55.635957,12.577198
5088650,1,32,7334,55.705502,12.527119
5107683,4,128,18750,55.648474,12.552865
4816586,2,83,12000,0.000000,0.000000
4979488,2,78,12950,55.637749,12.581051
4956086,1,60,10450,55.617418,12.566349
5261723,1,45,8500,55.688441,12.491476
5088650,1,32,7334,55.705502,12.527119
5143236,5,141,16950,55.705563,12.433942
5072897,4,81,13900,55.618970,12.567802
4956081,2,64,11450,55.617418,12.566349
5121298,3,64,14214,55.663095,12.593584
4953595,2,62,11000,55.676449,12.436417
5092294,4,102,14000,55.711240,12.480251
5105726,4,118,15450,55.705544,12.433945
4953570,2,67,11150,55.671176,12.472884
5014339,4,143,24795,55.660027,12.560670
5122573,5,119,16900,55.619638,12.568158
4738533,4,128,15400,55.636472,12.581225
5126144,4,95,15200,55.665523,12.456109
5126179,3,86,13200,55.665522,12.456031
5107659,3,140,17900,55.645488,12.545785
4956074,2,65,11250,55.617418,12.566349
5092205,4,92,14050,55.711801,12.480088
4956081,2,64,11450,55.617418,12.566349
5143425,4,101,16000,55.616752,12.568257
5113958,3,104,14350,55.671176,12.472884
5074441,4,81,13900,55.618970,12.567802
5061936,5,132,15800,55.634100,12.580702
4738535,3,83,12550,55.676830,12.436433
4856706,4,100,19552,55.664493,12.591439
5107672,3,111,15900,55.648609,12.553888
5106555,3,85,13100,55.676449,12.436417
4898890,3,121,19350,55.677830,12.573206
5108459,4,100,14600,55.635908,12.577504
5262327,3,72,12000,55.665348,12.457358
5092234,4,93,13850,55.711542,12.480989
5108463,3,83,12700,55.676983,12.436204
5041883,3,85,13000,55.676449,12.436417
5024242,3,82,14500,55.635466,12.577542
5126128,1,28,8002,55.645948,12.636120
5248605,1,37,6900,55.703754,12.537448
5148236,3,99,12900,55.683670,12.453949
5126179,3,86,13200,55.665522,12.456031
5088655,1,32,7334,55.705502,12.527119
4956074,2,65,11250,55.617418,12.566349
5107658,3,82,14500,55.651396,12.555883
5079018,2,81,16700,55.657744,12.567416
5179173,2,98,15245,55.652430,12.545442
5115244,5,123,16705,55.621711,12.572956
5113968,2,76,11450,55.671176,12.472884
5249206,4,101,14975,55.677015,12.433977
5092248,4,93,13750,55.711542,12.480989
5126144,4,95,15200,55.665523,12.456109
5080342,4,118,20250,55.644440,12.551754
4991120,4,124,17100,55.619128,12.568626
4810189,2,123,28000,55.673688,12.540630
5083113,3,93,15538,55.649051,12.535273
5248597,1,49,8000,55.703754,12.537448
5248611,1,37,6900,55.703754,12.537448
5248608,1,38,6900,55.703754,12.537448
5248610,1,37,6900,55.703754,12.537448
5107676,4,96,17300,55.643976,12.551135
5248602,1,37,6900,55.703754,12.537448
5248599,1,37,6900,55.703754,12.537448
5248613,1,37,6900,55.703754,12.537448
5248596,1,37,6900,55.703754,12.537448
5179173,2,98,15245,55.652430,12.545442
5248601,1,37,6900,55.703754,12.537448
5248609,1,37,6900,55.703754,12.537448
5248605,1,37,6900,55.703754,12.537448
5248598,1,37,6900,55.703754,12.537448
5248593,1,38,6900,55.703754,12.537448
2391595,3,102,13600,55.620789,12.571120
5248603,1,37,6900,55.703754,12.537448
5247999,1,37,6900,55.703754,12.537448
4828468,3,73,12000,55.733900,12.575419
5106530,4,95,13950,55.638359,12.583660
5092234,4,93,13850,55.711542,12.480989
5248024,1,37,7100,55.703754,12.537448
4979585,2,58,11700,55.638325,12.580990
5024242,3,82,14500,55.635466,12.577542
5111239,2,48,11300,55.705378,12.543452
5092205,4,92,14050,55.711801,12.480088
5054835,4,102,17200,55.649175,12.553826
5074398,4,100,14167,55.626185,12.576225
5110006,3,96,14977,55.621584,12.573410
4897546,4,116,19673,55.649051,12.535273
4581594,3,169,25350,55.673109,12.589947
5076003,3,111,18550,55.643764,12.550750
5118160,4,118,20500,55.644440,12.551754
4699067,3,129,21500,55.661435,12.575557
5081667,2,71,11400,55.682562,12.456123
5037851,4,99,14400,55.688955,12.449246
5126130,1,28,8139,55.645948,12.636120
5112593,3,69,12800,55.618372,12.573111
4856639,3,96,13227,55.626185,12.576225
5111812,4,129,15900,55.636709,12.582897
5111293,2,62,10950,55.676449,12.436417
5049677,1,50,10700,55.668393,12.612989
5080342,4,118,20250,55.644440,12.551754
4938087,3,100,16175,55.648262,12.552649
5247360,3,95,17500,55.666447,12.593103
4953614,2,64,11250,55.676449,12.436417
5113497,2,128,16300,55.645488,12.545785
5143425,4,101,16000,55.616752,12.568257
5046471,4,84,15500,55.648202,12.537402
5084001,4,94,13950,55.671176,12.472884
5105723,5,128,16150,55.705827,12.433875
5015735,3,89,13200,55.616959,12.566361
5246712,4,106,14850,55.682748,12.455784
5092252,4,102,13900,55.711542,12.480989
5126128,1,28,8002,55.645948,12.636120
4956089,2,64,10650,55.617418,12.566349
5121296,3,65,14532,55.663095,12.593584
4979588,2,58,12400,55.638325,12.580990
5247989,1,37,7100,55.703754,12.537448
5113441,2,65,11000,55.676449,12.436417
5079016,1,81,16600,55.657744,12.567416
5107676,4,96,17300,55.643976,12.551135
4856826,4,144,21833,55.649051,12.535273
4984339,4,155,20300,55.656145,12.548338
5080344,4,111,17450,55.653989,12.549597
5143278,4,119,16100,55.644235,12.549001
5076003,3,111,18550,55.643764,12.550750
5086705,4,103,14150,55.671176,12.472884
5266837,3,89,13300,55.617443,12.568106
5054835,4,102,17200,55.649175,12.553826
5175893,4,91,14400,55.665182,12.454883
5015735,3,89,13200,55.616959,12.566361
5107675,4,116,18800,55.644503,12.550783
5015705,1,43,10700,55.616870,12.566039
5008246,2,64,13093,55.649051,12.535273
5058139,2,59,11650,55.636709,12.582897
4979529,2,67,11900,55.637843,12.580475
4956089,2,64,10650,55.617418,12.566349
5110006,3,96,14977,55.621584,12.573410
5126159,2,67,12400,55.665523,12.456098
5126158,2,74,12000,55.665523,12.456109
5063305,4,141,16950,55.619686,12.574100
4852171,4,117,15200,55.640709,12.583517
5126154,4,95,15500,55.665523,12.456098
5009488,1,149,26500,55.657744,12.567416
5107667,4,113,16900,55.645226,12.549663
3259297,3,139,18995,55.676193,12.471977
5115270,3,85,13100,55.676449,12.436417
5031801,3,169,25350,55.672567,12.589598
1503815,1,60,40000,55.706086,12.588568
5116657,4,98,14400,55.688955,12.449246
5015705,1,43,10700,55.616870,12.566039
4979529,2,67,11900,55.637843,12.580475
4998788,5,118,17907,55.621337,12.573197
5261724,4,102,17100,55.618872,12.568731
5126162,4,91,15600,55.665523,12.456109
5015728,1,43,10100,55.616959,12.566361
5081627,4,94,16600,55.651125,12.555139
5092252,4,102,13900,55.711542,12.480989
5086705,4,103,14150,55.671176,12.472884
5078231,3,96,14750,55.644318,12.549037
4984373,5,123,17500,55.619638,12.568158
4961321,4,104,18100,55.649175,12.554973
5080344,4,111,17450,55.653989,12.549597
5015733,5,112,16000,55.616959,12.566361
5107669,4,146,19600,55.645312,12.549316
5107668,3,119,17600,55.645628,12.548445
5009583,1,49,10700,55.668745,12.613605
5126131,1,28,8125,55.645948,12.636120
5079414,4,99,14300,55.688955,12.449246
5248606,1,37,6900,55.703754,12.537448
5092228,5,110,16000,55.711801,12.480088
5076016,4,90,16600,55.644186,12.551306
5162489,4,102,15300,55.618467,12.566740
5046458,4,86,15600,55.648202,12.537402
5126158,2,74,12000,55.665523,12.456109
5015702,3,77,14000,55.616870,12.566039
4766655,3,121,19350,55.677830,12.573206
5244079,3,78,14400,55.665522,12.456031
4568229,2,167,27300,55.657744,12.567416
5126162,4,91,15600,55.665523,12.456109
5107675,4,116,18800,55.644503,12.550783
5015733,5,112,16000,55.616959,12.566361
5092246,4,104,14100,55.711542,12.480989
4998788,5,118,17907,55.621337,12.573197
5066242,4,103,14150,55.671176,12.472884
5126131,1,28,8125,55.645948,12.636120
5009583,1,49,10700,55.668745,12.613605
5111291,4,139,17650,55.619686,12.574100
5126152,3,86,13900,55.665523,12.456109
5081627,4,94,16600,55.651125,12.555139
5046476,4,86,15500,55.648202,12.537402
5248607,1,37,6900,55.703754,12.537448
5092216,3,74,12200,55.711095,12.479290
5076016,4,90,16600,55.644186,12.551306
5113498,2,140,17900,55.645488,12.545785
5126241,3,90,16100,55.619978,12.568789
5054982,4,102,17200,55.649175,12.553826
4954396,4,107,17400,55.648154,12.552848
5108479,4,97,14300,55.688955,12.449246
5092209,4,93,14100,55.711801,12.480088
5126147,3,83,12900,55.665229,12.456205
5092226,3,68,12300,55.711095,12.479290
4730929,4,95,13600,0.000000,0.000000
5248011,1,38,7100,55.703754,12.537448
5059095,5,115,16800,55.618519,12.570945
5248019,1,37,7100,55.703754,12.537448
5105722,5,128,16650,55.705827,12.433875
5092223,3,72,12300,55.711095,12.479290
5092239,4,93,13700,55.711542,12.480989
5248590,1,37,6900,55.703754,12.537448
5248023,1,37,7100,55.703754,12.537448
5248012,1,37,7100,55.703754,12.537448
5248015,1,37,7100,55.703754,12.537448
5092238,3,72,12200,55.711095,12.479290
5248579,1,37,6900,55.703754,12.537448
5107608,4,93,13950,55.711542,12.480989
5092298,4,93,13850,55.711542,12.480989
5248006,1,37,6900,55.703754,12.537448
5248014,1,37,7100,55.703754,12.537448
5248021,1,37,7100,55.703754,12.537448
5247363,1,37,7100,55.703754,12.537448
5247988,1,37,7100,55.703754,12.537448
5092216,3,74,12200,55.711095,12.479290
5247991,1,37,7100,55.703754,12.537448
4953565,2,67,11050,55.671176,12.472884
5246707,3,90,13450,55.682748,12.455784
5092209,4,93,14100,55.711801,12.480088
5092281,4,90,14150,55.711801,12.480088
5162489,4,102,15300,55.618467,12.566740
5077192,3,125,19200,55.643764,12.550750
4954396,4,107,17400,55.648154,12.552848
5092231,4,106,14450,55.711542,12.480989
5126152,3,86,13900,55.665523,12.456109
5246709,3,93,13300,55.682748,12.455784
5016511,3,104,16200,55.649175,12.554973
5046551,4,106,16900,55.648842,12.554622
5052145,5,111,16400,55.618970,12.567802
5040466,2,77,11650,55.671176,12.472884
5246714,4,106,14650,55.682748,12.455784
5268792,1,53,10200,55.659106,12.510073
5246715,4,106,14950,55.682748,12.455784
5246705,3,115,15950,55.682748,12.455784
5246716,3,99,13900,55.682748,12.455784
5088364,4,103,14800,55.619409,12.567984
5246693,2,71,12450,55.682748,12.455784
4979543,2,61,12400,55.637897,12.580714
5246711,3,90,13250,55.682748,12.455784
5246708,3,90,13350,55.682748,12.455784
5246696,2,71,12250,55.682748,12.455784
5246713,4,106,14750,55.682748,12.455784
4939499,3,92,14200,55.656188,12.550059
5246720,4,103,14850,55.682748,12.455784
5246697,2,76,12250,55.682748,12.455784
5246701,3,97,13900,55.683006,12.456226
5179387,4,103,15400,55.618970,12.567802
5246702,3,97,13800,55.683006,12.456226
5092235,4,92,14400,55.711801,12.480088
5115276,2,64,11250,55.676449,12.436417
5107674,4,112,18250,55.648310,12.553241
5107704,3,89,14200,55.619850,12.574296
5092221,3,72,12200,55.711095,12.479290
5092208,4,87,14250,55.711801,12.480088
5092285,4,92,14050,55.711801,12.480088
5113962,2,62,10850,55.676449,12.436417
5092212,4,96,14000,55.711801,12.480088
4968560,3,91,14830,55.640331,12.582975
5092238,3,72,12200,55.711095,12.479290
5092206,4,92,14000,55.711801,12.480088
4957700,4,104,17700,55.649175,12.554973
5092298,4,93,13850,55.711542,12.480989
4947006,5,111,15500,55.618970,12.567802
5092299,4,93,12900,55.711542,12.480989
5107608,4,93,13950,55.711542,12.480989
5092223,3,72,12300,55.711095,12.479290
5092285,4,92,14050,55.711801,12.480088
5092227,4,107,14000,55.711542,12.480989
4956067,2,64,10850,55.617418,12.566349
5092206,4,92,14000,55.711801,12.480088
5092221,3,72,12200,55.711095,12.479290
5115269,4,97,14400,55.688955,12.449246
4958457,4,94,13850,55.671176,12.472884
5117314,4,97,14600,55.688955,12.449246
4680310,2,142,41500,55.657744,12.567416
4871081,4,103,14511,55.676413,12.437081
5092299,4,93,12900,55.711542,12.480989
5092212,4,96,14000,55.711801,12.480088
5102268,4,100,14300,55.688955,12.449246
5115272,4,106,14100,55.682506,12.457310
5079017,2,103,18800,55.658012,12.567306
5079412,4,94,13850,55.671176,12.472884
4968560,3,91,14830,55.640331,12.582975
5092208,4,87,14250,55.711801,12.480088
5268507,2,91,17500,55.671843,12.572796
4956088,2,64,10650,55.617418,12.566349
5015717,1,43,10300,55.616870,12.566039
5093481,2,86,12775,55.620043,12.573415
5049676,1,59,12200,55.668745,12.613605
5126160,3,78,14600,55.665523,12.456109
4956087,2,65,11150,55.617418,12.566349
5007506,2,64,11050,55.676449,12.436417
4947005,5,117,15600,55.618970,12.567802
4979594,2,60,12500,55.634942,12.579119
5055449,3,80,12250,55.676449,12.436417
4979596,2,63,11700,55.634942,12.579119
5001288,3,80,12250,55.676449,12.436417
4897547,3,102,15902,55.649051,12.535273
4979547,3,70,14300,55.637997,12.580752
5111824,4,98,13800,55.682422,12.454567
4562399,1,94,17200,55.658128,12.567894
5126156,3,86,14100,55.665523,12.456098
4991855,4,124,17100,55.619128,12.568626
5267771,1,81,16600,55.657744,12.567416
5015724,1,43,10200,55.616959,12.566361
5049676,1,59,12200,55.668745,12.613605
4953588,4,93,13750,55.675954,12.434568
4979594,2,60,12500,55.634942,12.579119
2502804,3,98,13500,55.620789,12.571120
5080368,2,65,11200,55.676449,12.436417
5126160,3,78,14600,55.665523,12.456109
5092227,4,107,14000,55.711542,12.480989
5079067,3,118,17900,55.644008,12.549817
5267772,2,81,16500,55.657744,12.567416
5115264,3,99,14050,55.636709,12.582897
5113957,2,62,11050,55.676449,12.436417
5015717,1,43,10300,55.616870,12.566039
4979581,3,76,14500,55.638325,12.580990
5126156,3,86,14100,55.665523,12.456098
5076068,3,85,13000,55.676449,12.436417
4979381,2,66,12500,55.638237,12.581356
5015716,1,43,10500,55.616870,12.566039
5015069,2,48,11100,55.705378,12.543452
4953588,4,93,13750,55.675954,12.434568
5092242,4,93,13700,55.711542,12.480989
4940716,5,142,17400,55.688955,12.449246
5079067,3,118,17900,55.644008,12.549817
5126161,3,78,14700,55.665523,12.456098
5019423,1,61,14500,55.668717,12.613030
4979399,3,76,13500,55.638315,12.581096
5101507,4,99,14500,55.688955,12.449246
4946174,2,74,11600,55.682562,12.456123
5059093,4,102,15900,55.616553,12.568129
5054981,4,104,16300,55.618970,12.567802
5092266,4,99,14050,55.711542,12.480989
5083088,4,104,14400,55.671176,12.472884
5092287,4,95,13750,55.711801,12.480088
4790506,5,111,15500,55.618970,12.567802
4961434,2,65,11000,55.676449,12.436417
5092266,4,99,14050,55.711542,12.480989
4979498,2,60,12300,55.637755,12.580868
5059093,4,102,15900,55.616553,12.568129
5019423,1,61,14500,55.668717,12.613030
5015711,1,43,10600,55.616870,12.566039
4979410,2,57,11600,55.638307,12.581241
4837610,2,80,11495,55.705114,12.435315
5092287,4,95,13750,55.711801,12.480088
4979534,2,61,11700,55.637897,12.580714
4956090,2,64,11150,55.617418,12.566349
5092242,4,93,13700,55.711542,12.480989
5268095,4,103,17800,55.618872,12.568731
4953608,2,65,11350,55.676449,12.436417
5052996,2,62,11150,55.676449,12.436417
5015723,3,89,13600,55.616959,12.566361
5092275,4,92,14150,55.711801,12.480088
4976192,2,149,27900,55.657744,12.567416
4956090,2,64,11150,55.617418,12.566349
4979573,2,59,11800,55.638214,12.580920
5015711,1,43,10600,55.616870,12.566039
4979539,2,61,11700,55.637897,12.580714
4956122,2,64,10850,55.617418,12.566349
4739956,2,74,11500,55.682562,12.456123
4979534,2,61,11700,55.637897,12.580714
5116686,2,69,13500,55.676449,12.436417
5023907,4,96,16500,55.619409,12.567984
4979475,2,52,11400,55.637841,12.581140
4938987,3,80,12350,55.676449,12.436417
5059087,4,102,17900,55.619638,12.568158
4953590,3,80,12250,55.676449,12.436417
4953546,4,94,13850,55.671176,12.472884
5015666,5,112,16200,55.616521,12.566203
4977163,2,69,13500,55.676449,12.436417
4947002,3,97,14500,55.619409,12.567984
4999343,4,108,16500,55.619409,12.567984
5003626,2,80,11495,55.705114,12.435315
4953602,2,62,11100,55.676449,12.436417
4956071,2,63,11150,55.617418,12.566349
4956066,2,65,11350,55.617418,12.566349
4956122,2,64,10850,55.617418,12.566349
4979573,2,59,11800,55.638214,12.580920
5049519,4,103,17800,55.618872,12.568731
4956117,2,64,11150,55.617418,12.566349
4956114,2,64,11150,55.617418,12.566349
4848797,4,102,17100,55.648427,12.553615
4979402,3,76,13900,55.638315,12.581096
5049520,4,103,15200,55.619409,12.567984
5050670,4,103,15200,55.619409,12.567984
5050468,5,111,16400,55.618970,12.567802
5061893,4,102,16800,55.649175,12.553826
4979490,3,85,13900,55.637749,12.581051
5053726,4,104,16300,55.618970,12.567802
4989944,2,62,10850,55.676449,12.436417
4979597,2,63,11800,55.634942,12.579119
5015068,2,48,11300,55.705378,12.543452
4956064,2,64,11650,55.617418,12.566349
4956183,1,60,14500,55.668717,12.613030
4914140,4,103,15200,55.617954,12.567574
4979386,3,72,13200,55.638307,12.581241
4979606,4,95,17400,55.634942,12.579119
4979566,2,64,12000,55.638214,12.580920
4979383,2,57,12200,55.638307,12.581241
5015497,3,104,16200,55.649175,12.554973
5050671,4,103,17800,55.618872,12.568731
4956114,2,64,11150,55.617418,12.566349
4979394,3,77,13900,55.638237,12.581356
4979601,2,63,12500,55.634942,12.579119
5049519,4,103,17800,55.618872,12.568731
4946996,4,103,14500,55.619409,12.567984
4960635,4,94,13850,55.671176,12.472884
4953542,4,103,14350,55.671176,12.472884
4979390,3,72,13700,55.638307,12.581241
4947001,3,97,14200,55.619409,12.567984
4979553,2,60,12400,55.637997,12.580752
4979593,2,60,12300,55.634942,12.579119
4979569,3,70,14200,55.638214,12.580920
4956075,2,65,11550,55.617418,12.566349
4956118,2,65,11150,55.617418,12.566349
4979601,2,63,12500,55.634942,12.579119
4979533,2,68,12600,55.637843,12.580475
4742664,2,73,11495,55.705114,12.435315
4979387,3,72,13300,55.638307,12.581241
4999407,4,108,16500,55.619409,12.567984
5262433,3,66,13750,55.620270,12.573462
4979391,3,78,14000,55.638237,12.581356
4979603,4,95,16900,55.634942,12.579119
4979507,2,66,12400,55.637664,12.580775
4979566,2,64,12000,55.638214,12.580920
4979525,4,105,16600,55.637843,12.580475
4979388,3,72,13400,55.638307,12.581241
4979421,2,79,12900,55.638175,12.581597
4979409,2,57,11700,55.638307,12.581241
4979602,4,95,16800,55.634942,12.579119
4979582,2,59,11700,55.638325,12.580990
4979538,2,68,12600,55.637897,12.580714
4979568,3,70,13700,55.638214,12.580920
4979558,3,79,15200,55.638117,12.580798
4979504,2,67,12200,55.637664,12.580775
4979407,2,57,12000,55.638315,12.581096
4979499,2,61,12100,55.637755,12.580868
4979575,2,59,12300,55.638214,12.580920
4979395,3,78,14500,55.638237,12.581356
4979392,3,78,14100,55.638237,12.581356
4843582,4,151,19000,55.655865,12.609897
4705333,4,97,14400,55.688955,12.449246
4979526,4,105,17200,55.637843,12.580475
4956118,2,65,11150,55.617418,12.566349
4954520,4,103,18200,55.618872,12.568731
4956084,2,64,11450,55.617418,12.566349
5003238,5,127,16650,55.705827,12.433875
4979411,2,66,12700,55.638237,12.581356
4940717,4,105,14600,55.688955,12.449246
4979558,3,79,15200,55.638117,12.580798
4946983,3,69,13525,55.618372,12.573111
5003239,5,127,16150,55.705827,12.433875
4921403,4,103,14500,55.619409,12.567984
4936081,5,143,17400,55.683670,12.453949
4991148,2,95,12995,55.690277,12.461940
3171365,2,84,13500,55.689304,12.560170
4954414,4,103,18200,55.618872,12.568731
4800682,3,97,14500,55.619409,12.567984
4979568,3,70,13700,55.638214,12.580920
4897526,1,64,10800,55.677290,12.571160
4979407,2,57,12000,55.638315,12.581096
4979510,4,109,16800,55.637664,12.580775
4897528,1,77,13000,55.681249,12.578823
3503849,3,105,75000,55.706086,12.588568
5275339,1,42,8900,55.705378,12.543452
4981096,1,63,13500,55.722914,12.578558
4979542,2,61,12200,55.637897,12.580714
5275338,1,42,8900,55.705378,12.543452
5275422,2,77,11650,55.671176,12.472884
5275275,2,68,10600,55.711801,12.480088
5160103,1,49,9500,55.646065,12.625307
4660435,5,163,30000,55.677887,12.566646
5275435,3,70,13000,55.619409,12.567984
5275434,4,101,14975,55.677015,12.433977
4924299,4,102,17100,55.649175,12.553826
5275423,4,94,13950,55.671176,12.472884
4765067,3,97,14200,55.619409,12.567984
3750969,2,66,12000,55.664507,12.502354
5263679,4,135,16900,55.677092,12.433984
4957814,4,104,17700,55.649175,12.554973
5249767,3,68,5700,55.690001,12.558017
4565940,4,279,40000,55.737793,12.578525
5238510,1,56,12500,55.742989,12.578678
5272354,1,28,8800,55.663553,12.591000
4897525,1,51,8900,55.696573,12.543897
4416278,2,76,12500,55.711850,12.571288
5267773,2,81,16000,55.657744,12.567416
5091447,3,139,18750,55.676193,12.471977
4897524,2,77,12000,55.667443,12.513845
4645561,2,66,12000,55.664507,12.502354
5144888,3,115,18500,55.662557,12.571100
5024239,1,104,17500,55.694299,12.570361
5212656,2,124,19500,55.678410,12.525911
4645560,2,64,12000,55.664507,12.502354
5153908,3,140,23000,55.686128,12.589264
4907462,3,78,4900,55.743446,12.501736
4991147,2,88,13000,55.712424,12.474915
5248755,2,109,21000,55.673700,12.541464
4438918,2,66,5260,55.648242,12.492380
5190043,1,58,13000,55.664572,12.521411
4985909,2,74,18000,55.675306,12.518150
4478130,2,54,6800,55.705868,12.578911
